interfaceFqn	status	reason	path
org.apache.hadoop.yarn.server.federation.store.records.SubClusterDeregisterRequestJVMInterface	generated	ok	/home/shuai/xlab/upgrade_testing/hadoop-transform/hadoop-yarn-project/hadoop-yarn/hadoop-yarn-server/hadoop-yarn-server-common/src/main/java/org/apache/hadoop/yarn/server/federation/store/records/SubClusterDeregisterRequestJVMInterface.java
org.apache.hadoop.yarn.api.protocolrecords.GetClusterNodeLabelsResponseJVMInterface	generated	ok	/home/shuai/xlab/upgrade_testing/hadoop-transform/hadoop-yarn-project/hadoop-yarn/hadoop-yarn-api/src/main/java/org/apache/hadoop/yarn/api/protocolrecords/GetClusterNodeLabelsResponseJVMInterface.java
org.apache.hadoop.yarn.server.federation.store.records.SubClusterIdJVMInterface	generated	ok	/home/shuai/xlab/upgrade_testing/hadoop-transform/hadoop-yarn-project/hadoop-yarn/hadoop-yarn-server/hadoop-yarn-server-common/src/main/java/org/apache/hadoop/yarn/server/federation/store/records/SubClusterIdJVMInterface.java
org.apache.hadoop.service.CompositeServiceJVMInterface	generated	ok	/home/shuai/xlab/upgrade_testing/hadoop-transform/hadoop-common-project/hadoop-common/src/main/java/org/apache/hadoop/service/CompositeServiceJVMInterface.java
org.apache.hadoop.metrics2.MetricsTagJVMInterface	generated	ok	/home/shuai/xlab/upgrade_testing/hadoop-transform/hadoop-common-project/hadoop-common/src/main/java/org/apache/hadoop/metrics2/MetricsTagJVMInterface.java
org.apache.hadoop.yarn.api.protocolrecords.MoveApplicationAcrossQueuesResponseJVMInterface	generated	ok	/home/shuai/xlab/upgrade_testing/hadoop-transform/hadoop-yarn-project/hadoop-yarn/hadoop-yarn-api/src/main/java/org/apache/hadoop/yarn/api/protocolrecords/MoveApplicationAcrossQueuesResponseJVMInterface.java
org.apache.hadoop.yarn.server.nodemanager.executor.ContainerSignalContextJVMInterface	generated	ok	/home/shuai/xlab/upgrade_testing/hadoop-transform/hadoop-yarn-project/hadoop-yarn/hadoop-yarn-server/hadoop-yarn-server-nodemanager/src/main/java/org/apache/hadoop/yarn/server/nodemanager/executor/ContainerSignalContextJVMInterface.java
org.apache.hadoop.yarn.server.nodemanager.executor.ContainerStartContextJVMInterface	generated	ok	/home/shuai/xlab/upgrade_testing/hadoop-transform/hadoop-yarn-project/hadoop-yarn/hadoop-yarn-server/hadoop-yarn-server-nodemanager/src/main/java/org/apache/hadoop/yarn/server/nodemanager/executor/ContainerStartContextJVMInterface.java
org.apache.hadoop.fs.FileStatusJVMInterface	generated	ok	/home/shuai/xlab/upgrade_testing/hadoop-transform/hadoop-common-project/hadoop-common/src/main/java/org/apache/hadoop/fs/FileStatusJVMInterface.java
org.apache.hadoop.yarn.api.ApplicationBaseProtocolJVMInterface	generated	ok	/home/shuai/xlab/upgrade_testing/hadoop-transform/hadoop-yarn-project/hadoop-yarn/hadoop-yarn-api/src/main/java/org/apache/hadoop/yarn/api/ApplicationBaseProtocolJVMInterface.java
org.apache.hadoop.yarn.security.NMTokenIdentifierJVMInterface	generated	ok	/home/shuai/xlab/upgrade_testing/hadoop-transform/hadoop-yarn-project/hadoop-yarn/hadoop-yarn-common/src/main/java/org/apache/hadoop/yarn/security/NMTokenIdentifierJVMInterface.java
org.apache.hadoop.yarn.api.protocolrecords.SubmitApplicationRequestJVMInterface	generated	ok	/home/shuai/xlab/upgrade_testing/hadoop-transform/hadoop-yarn-project/hadoop-yarn/hadoop-yarn-api/src/main/java/org/apache/hadoop/yarn/api/protocolrecords/SubmitApplicationRequestJVMInterface.java
org.apache.hadoop.yarn.api.protocolrecords.UpdateApplicationPriorityRequestJVMInterface	generated	ok	/home/shuai/xlab/upgrade_testing/hadoop-transform/hadoop-yarn-project/hadoop-yarn/hadoop-yarn-api/src/main/java/org/apache/hadoop/yarn/api/protocolrecords/UpdateApplicationPriorityRequestJVMInterface.java
org.apache.hadoop.yarn.api.records.CollectorInfoJVMInterface	generated	ok	/home/shuai/xlab/upgrade_testing/hadoop-transform/hadoop-yarn-project/hadoop-yarn/hadoop-yarn-api/src/main/java/org/apache/hadoop/yarn/api/records/CollectorInfoJVMInterface.java
org.apache.hadoop.security.token.TokenIdentifierJVMInterface	generated	ok	/home/shuai/xlab/upgrade_testing/hadoop-transform/hadoop-common-project/hadoop-common/src/main/java/org/apache/hadoop/security/token/TokenIdentifierJVMInterface.java
org.apache.hadoop.yarn.server.federation.store.records.GetSubClustersInfoResponseJVMInterface	generated	ok	/home/shuai/xlab/upgrade_testing/hadoop-transform/hadoop-yarn-project/hadoop-yarn/hadoop-yarn-server/hadoop-yarn-server-common/src/main/java/org/apache/hadoop/yarn/server/federation/store/records/GetSubClustersInfoResponseJVMInterface.java
org.apache.hadoop.fs.FsServerDefaultsJVMInterface	generated	ok	/home/shuai/xlab/upgrade_testing/hadoop-transform/hadoop-common-project/hadoop-common/src/main/java/org/apache/hadoop/fs/FsServerDefaultsJVMInterface.java
org.apache.hadoop.yarn.api.records.ResourceJVMInterface	generated	ok	/home/shuai/xlab/upgrade_testing/hadoop-transform/hadoop-yarn-project/hadoop-yarn/hadoop-yarn-api/src/main/java/org/apache/hadoop/yarn/api/records/ResourceJVMInterface.java
org.apache.hadoop.yarn.api.protocolrecords.ReservationListResponseJVMInterface	generated	ok	/home/shuai/xlab/upgrade_testing/hadoop-transform/hadoop-yarn-project/hadoop-yarn/hadoop-yarn-api/src/main/java/org/apache/hadoop/yarn/api/protocolrecords/ReservationListResponseJVMInterface.java
org.apache.hadoop.yarn.api.protocolrecords.GetDelegationTokenRequestJVMInterface	generated	ok	/home/shuai/xlab/upgrade_testing/hadoop-transform/hadoop-yarn-project/hadoop-yarn/hadoop-yarn-api/src/main/java/org/apache/hadoop/yarn/api/protocolrecords/GetDelegationTokenRequestJVMInterface.java
org.apache.hadoop.io.BinaryComparableJVMInterface	generated	ok	/home/shuai/xlab/upgrade_testing/hadoop-transform/hadoop-common-project/hadoop-common/src/main/java/org/apache/hadoop/io/BinaryComparableJVMInterface.java
org.apache.hadoop.yarn.api.protocolrecords.GetNewReservationRequestJVMInterface	generated	ok	/home/shuai/xlab/upgrade_testing/hadoop-transform/hadoop-yarn-project/hadoop-yarn/hadoop-yarn-api/src/main/java/org/apache/hadoop/yarn/api/protocolrecords/GetNewReservationRequestJVMInterface.java
org.apache.hadoop.yarn.server.api.records.NodeStatusJVMInterface	generated	ok	/home/shuai/xlab/upgrade_testing/hadoop-transform/hadoop-yarn-project/hadoop-yarn/hadoop-yarn-server/hadoop-yarn-server-common/src/main/java/org/apache/hadoop/yarn/server/api/records/NodeStatusJVMInterface.java
org.apache.hadoop.fs.FileSystemJVMInterface	generated	ok	/home/shuai/xlab/upgrade_testing/hadoop-transform/hadoop-common-project/hadoop-common/src/main/java/org/apache/hadoop/fs/FileSystemJVMInterface.java
org.apache.hadoop.yarn.api.records.StrictPreemptionContractJVMInterface	generated	ok	/home/shuai/xlab/upgrade_testing/hadoop-transform/hadoop-yarn-project/hadoop-yarn/hadoop-yarn-api/src/main/java/org/apache/hadoop/yarn/api/records/StrictPreemptionContractJVMInterface.java
org.apache.hadoop.fs.permission.AclStatusJVMInterface	generated	ok	/home/shuai/xlab/upgrade_testing/hadoop-transform/hadoop-common-project/hadoop-common/src/main/java/org/apache/hadoop/fs/permission/AclStatusJVMInterface.java
org.apache.hadoop.yarn.api.records.YarnClusterMetricsJVMInterface	generated	ok	/home/shuai/xlab/upgrade_testing/hadoop-transform/hadoop-yarn-project/hadoop-yarn/hadoop-yarn-api/src/main/java/org/apache/hadoop/yarn/api/records/YarnClusterMetricsJVMInterface.java
org.apache.hadoop.yarn.api.protocolrecords.ReservationListRequestJVMInterface	generated	ok	/home/shuai/xlab/upgrade_testing/hadoop-transform/hadoop-yarn-project/hadoop-yarn/hadoop-yarn-api/src/main/java/org/apache/hadoop/yarn/api/protocolrecords/ReservationListRequestJVMInterface.java
org.apache.hadoop.yarn.api.protocolrecords.RenewDelegationTokenRequestJVMInterface	generated	ok	/home/shuai/xlab/upgrade_testing/hadoop-transform/hadoop-yarn-project/hadoop-yarn/hadoop-yarn-api/src/main/java/org/apache/hadoop/yarn/api/protocolrecords/RenewDelegationTokenRequestJVMInterface.java
org.apache.hadoop.yarn.api.protocolrecords.GetClusterNodesResponseJVMInterface	generated	ok	/home/shuai/xlab/upgrade_testing/hadoop-transform/hadoop-yarn-project/hadoop-yarn/hadoop-yarn-api/src/main/java/org/apache/hadoop/yarn/api/protocolrecords/GetClusterNodesResponseJVMInterface.java
org.apache.hadoop.yarn.api.protocolrecords.ReservationDeleteRequestJVMInterface	generated	ok	/home/shuai/xlab/upgrade_testing/hadoop-transform/hadoop-yarn-project/hadoop-yarn/hadoop-yarn-api/src/main/java/org/apache/hadoop/yarn/api/protocolrecords/ReservationDeleteRequestJVMInterface.java
org.apache.hadoop.metrics2.MetricsRecordBuilderJVMInterface	generated	ok	/home/shuai/xlab/upgrade_testing/hadoop-transform/hadoop-common-project/hadoop-common/src/main/java/org/apache/hadoop/metrics2/MetricsRecordBuilderJVMInterface.java
org.apache.hadoop.yarn.server.nodemanager.timelineservice.NMTimelinePublisherJVMInterface	generated	ok	/home/shuai/xlab/upgrade_testing/hadoop-transform/hadoop-yarn-project/hadoop-yarn/hadoop-yarn-server/hadoop-yarn-server-nodemanager/src/main/java/org/apache/hadoop/yarn/server/nodemanager/timelineservice/NMTimelinePublisherJVMInterface.java
org.apache.hadoop.yarn.api.records.ApplicationIdJVMInterface	generated	ok	/home/shuai/xlab/upgrade_testing/hadoop-transform/hadoop-yarn-project/hadoop-yarn/hadoop-yarn-api/src/main/java/org/apache/hadoop/yarn/api/records/ApplicationIdJVMInterface.java
org.apache.hadoop.yarn.server.federation.store.records.SubClusterRegisterRequestJVMInterface	generated	ok	/home/shuai/xlab/upgrade_testing/hadoop-transform/hadoop-yarn-project/hadoop-yarn/hadoop-yarn-server/hadoop-yarn-server-common/src/main/java/org/apache/hadoop/yarn/server/federation/store/records/SubClusterRegisterRequestJVMInterface.java
org.apache.hadoop.metrics2.util.SampleStatJVMInterface	generated	ok	/home/shuai/xlab/upgrade_testing/hadoop-transform/hadoop-common-project/hadoop-common/src/main/java/org/apache/hadoop/metrics2/util/SampleStatJVMInterface.java
org.apache.hadoop.ipc.ServerJVMInterface	generated	ok	/home/shuai/xlab/upgrade_testing/hadoop-transform/hadoop-common-project/hadoop-common/src/main/java/org/apache/hadoop/ipc/ServerJVMInterface.java
org.apache.hadoop.util.curator.ZKCuratorManagerJVMInterface	generated	ok	/home/shuai/xlab/upgrade_testing/hadoop-transform/hadoop-common-project/hadoop-common/src/main/java/org/apache/hadoop/util/curator/ZKCuratorManagerJVMInterface.java
org.apache.hadoop.fs.CanUnbufferJVMInterface	generated	ok	/home/shuai/xlab/upgrade_testing/hadoop-transform/hadoop-common-project/hadoop-common/src/main/java/org/apache/hadoop/fs/CanUnbufferJVMInterface.java
org.apache.hadoop.yarn.server.resourcemanager.ApplicationMasterServiceJVMInterface	generated	ok	/home/shuai/xlab/upgrade_testing/hadoop-transform/hadoop-yarn-project/hadoop-yarn/hadoop-yarn-server/hadoop-yarn-server-resourcemanager/src/main/java/org/apache/hadoop/yarn/server/resourcemanager/ApplicationMasterServiceJVMInterface.java
org.apache.hadoop.fs.FsStatusJVMInterface	generated	ok	/home/shuai/xlab/upgrade_testing/hadoop-transform/hadoop-common-project/hadoop-common/src/main/java/org/apache/hadoop/fs/FsStatusJVMInterface.java
org.apache.hadoop.yarn.api.protocolrecords.SignalContainerRequestJVMInterface	generated	ok	/home/shuai/xlab/upgrade_testing/hadoop-transform/hadoop-yarn-project/hadoop-yarn/hadoop-yarn-api/src/main/java/org/apache/hadoop/yarn/api/protocolrecords/SignalContainerRequestJVMInterface.java
org.apache.hadoop.fs.BlockLocationJVMInterface	generated	ok	/home/shuai/xlab/upgrade_testing/hadoop-transform/hadoop-common-project/hadoop-common/src/main/java/org/apache/hadoop/fs/BlockLocationJVMInterface.java
org.apache.hadoop.metrics2.lib.MutableMetricJVMInterface	generated	ok	/home/shuai/xlab/upgrade_testing/hadoop-transform/hadoop-common-project/hadoop-common/src/main/java/org/apache/hadoop/metrics2/lib/MutableMetricJVMInterface.java
org.apache.hadoop.util.MachineListJVMInterface	generated	ok	/home/shuai/xlab/upgrade_testing/hadoop-transform/hadoop-common-project/hadoop-common/src/main/java/org/apache/hadoop/util/MachineListJVMInterface.java
org.apache.hadoop.yarn.server.federation.store.records.GetApplicationHomeSubClusterResponseJVMInterface	generated	ok	/home/shuai/xlab/upgrade_testing/hadoop-transform/hadoop-yarn-project/hadoop-yarn/hadoop-yarn-server/hadoop-yarn-server-common/src/main/java/org/apache/hadoop/yarn/server/federation/store/records/GetApplicationHomeSubClusterResponseJVMInterface.java
org.apache.hadoop.yarn.server.federation.store.records.GetSubClusterPoliciesConfigurationsResponseJVMInterface	generated	ok	/home/shuai/xlab/upgrade_testing/hadoop-transform/hadoop-yarn-project/hadoop-yarn/hadoop-yarn-server/hadoop-yarn-server-common/src/main/java/org/apache/hadoop/yarn/server/federation/store/records/GetSubClusterPoliciesConfigurationsResponseJVMInterface.java
org.apache.hadoop.yarn.server.federation.store.records.SubClusterHeartbeatRequestJVMInterface	generated	ok	/home/shuai/xlab/upgrade_testing/hadoop-transform/hadoop-yarn-project/hadoop-yarn/hadoop-yarn-server/hadoop-yarn-server-common/src/main/java/org/apache/hadoop/yarn/server/federation/store/records/SubClusterHeartbeatRequestJVMInterface.java
org.apache.hadoop.yarn.server.api.protocolrecords.NodeHeartbeatRequestJVMInterface	generated	ok	/home/shuai/xlab/upgrade_testing/hadoop-transform/hadoop-yarn-project/hadoop-yarn/hadoop-yarn-server/hadoop-yarn-server-common/src/main/java/org/apache/hadoop/yarn/server/api/protocolrecords/NodeHeartbeatRequestJVMInterface.java
org.apache.hadoop.yarn.api.protocolrecords.GetContainersRequestJVMInterface	generated	ok	/home/shuai/xlab/upgrade_testing/hadoop-transform/hadoop-yarn-project/hadoop-yarn/hadoop-yarn-api/src/main/java/org/apache/hadoop/yarn/api/protocolrecords/GetContainersRequestJVMInterface.java
org.apache.hadoop.yarn.api.protocolrecords.CancelDelegationTokenResponseJVMInterface	generated	ok	/home/shuai/xlab/upgrade_testing/hadoop-transform/hadoop-yarn-project/hadoop-yarn/hadoop-yarn-api/src/main/java/org/apache/hadoop/yarn/api/protocolrecords/CancelDelegationTokenResponseJVMInterface.java
org.apache.hadoop.security.token.TokenJVMInterface	generated	ok	/home/shuai/xlab/upgrade_testing/hadoop-transform/hadoop-common-project/hadoop-common/src/main/java/org/apache/hadoop/security/token/TokenJVMInterface.java
org.apache.hadoop.fs.CanSetDropBehindJVMInterface	generated	ok	/home/shuai/xlab/upgrade_testing/hadoop-transform/hadoop-common-project/hadoop-common/src/main/java/org/apache/hadoop/fs/CanSetDropBehindJVMInterface.java
org.apache.hadoop.conf.ConfigurableJVMInterface	generated	ok	/home/shuai/xlab/upgrade_testing/hadoop-transform/hadoop-common-project/hadoop-common/src/main/java/org/apache/hadoop/conf/ConfigurableJVMInterface.java
org.apache.hadoop.yarn.server.nodemanager.ContainerExecutorJVMInterface	generated	ok	/home/shuai/xlab/upgrade_testing/hadoop-transform/hadoop-yarn-project/hadoop-yarn/hadoop-yarn-server/hadoop-yarn-server-nodemanager/src/main/java/org/apache/hadoop/yarn/server/nodemanager/ContainerExecutorJVMInterface.java
org.apache.hadoop.yarn.server.federation.store.records.GetSubClusterInfoResponseJVMInterface	generated	ok	/home/shuai/xlab/upgrade_testing/hadoop-transform/hadoop-yarn-project/hadoop-yarn/hadoop-yarn-server/hadoop-yarn-server-common/src/main/java/org/apache/hadoop/yarn/server/federation/store/records/GetSubClusterInfoResponseJVMInterface.java
org.apache.hadoop.yarn.api.records.ExecutionTypeRequestJVMInterface	generated	ok	/home/shuai/xlab/upgrade_testing/hadoop-transform/hadoop-yarn-project/hadoop-yarn/hadoop-yarn-api/src/main/java/org/apache/hadoop/yarn/api/records/ExecutionTypeRequestJVMInterface.java
org.apache.hadoop.yarn.server.federation.store.records.UpdateApplicationHomeSubClusterResponseJVMInterface	generated	ok	/home/shuai/xlab/upgrade_testing/hadoop-transform/hadoop-yarn-project/hadoop-yarn/hadoop-yarn-server/hadoop-yarn-server-common/src/main/java/org/apache/hadoop/yarn/server/federation/store/records/UpdateApplicationHomeSubClusterResponseJVMInterface.java
org.apache.hadoop.yarn.api.protocolrecords.GetLabelsToNodesResponseJVMInterface	generated	ok	/home/shuai/xlab/upgrade_testing/hadoop-transform/hadoop-yarn-project/hadoop-yarn/hadoop-yarn-api/src/main/java/org/apache/hadoop/yarn/api/protocolrecords/GetLabelsToNodesResponseJVMInterface.java
org.apache.hadoop.yarn.server.nodemanager.containermanager.application.ApplicationEventJVMInterface	generated	ok	/home/shuai/xlab/upgrade_testing/hadoop-transform/hadoop-yarn-project/hadoop-yarn/hadoop-yarn-server/hadoop-yarn-server-nodemanager/src/main/java/org/apache/hadoop/yarn/server/nodemanager/containermanager/application/ApplicationEventJVMInterface.java
org.apache.hadoop.yarn.server.nodemanager.NodeHealthCheckerServiceJVMInterface	generated	ok	/home/shuai/xlab/upgrade_testing/hadoop-transform/hadoop-yarn-project/hadoop-yarn/hadoop-yarn-server/hadoop-yarn-server-nodemanager/src/main/java/org/apache/hadoop/yarn/server/nodemanager/NodeHealthCheckerServiceJVMInterface.java
org.apache.hadoop.yarn.server.federation.store.records.SubClusterRegisterResponseJVMInterface	generated	ok	/home/shuai/xlab/upgrade_testing/hadoop-transform/hadoop-yarn-project/hadoop-yarn/hadoop-yarn-server/hadoop-yarn-server-common/src/main/java/org/apache/hadoop/yarn/server/federation/store/records/SubClusterRegisterResponseJVMInterface.java
org.apache.hadoop.yarn.api.protocolrecords.FailApplicationAttemptResponseJVMInterface	generated	ok	/home/shuai/xlab/upgrade_testing/hadoop-transform/hadoop-yarn-project/hadoop-yarn/hadoop-yarn-api/src/main/java/org/apache/hadoop/yarn/api/protocolrecords/FailApplicationAttemptResponseJVMInterface.java
org.apache.hadoop.yarn.api.records.ContainerRetryContextJVMInterface	generated	ok	/home/shuai/xlab/upgrade_testing/hadoop-transform/hadoop-yarn-project/hadoop-yarn/hadoop-yarn-api/src/main/java/org/apache/hadoop/yarn/api/records/ContainerRetryContextJVMInterface.java
org.apache.hadoop.yarn.api.protocolrecords.MoveApplicationAcrossQueuesRequestJVMInterface	generated	ok	/home/shuai/xlab/upgrade_testing/hadoop-transform/hadoop-yarn-project/hadoop-yarn/hadoop-yarn-api/src/main/java/org/apache/hadoop/yarn/api/protocolrecords/MoveApplicationAcrossQueuesRequestJVMInterface.java
org.apache.hadoop.yarn.api.protocolrecords.GetDelegationTokenResponseJVMInterface	generated	ok	/home/shuai/xlab/upgrade_testing/hadoop-transform/hadoop-yarn-project/hadoop-yarn/hadoop-yarn-api/src/main/java/org/apache/hadoop/yarn/api/protocolrecords/GetDelegationTokenResponseJVMInterface.java
org.apache.hadoop.yarn.server.federation.store.records.GetApplicationHomeSubClusterRequestJVMInterface	generated	ok	/home/shuai/xlab/upgrade_testing/hadoop-transform/hadoop-yarn-project/hadoop-yarn/hadoop-yarn-server/hadoop-yarn-server-common/src/main/java/org/apache/hadoop/yarn/server/federation/store/records/GetApplicationHomeSubClusterRequestJVMInterface.java
org.apache.hadoop.yarn.server.nodemanager.webapp.WebServerJVMInterface	generated	ok	/home/shuai/xlab/upgrade_testing/hadoop-transform/hadoop-yarn-project/hadoop-yarn/hadoop-yarn-server/hadoop-yarn-server-nodemanager/src/main/java/org/apache/hadoop/yarn/server/nodemanager/webapp/WebServerJVMInterface.java
org.apache.hadoop.yarn.server.federation.store.FederationPolicyStoreJVMInterface	generated	ok	/home/shuai/xlab/upgrade_testing/hadoop-transform/hadoop-yarn-project/hadoop-yarn/hadoop-yarn-server/hadoop-yarn-server-common/src/main/java/org/apache/hadoop/yarn/server/federation/store/FederationPolicyStoreJVMInterface.java
org.apache.hadoop.yarn.server.nodemanager.NMContextJVMInterface	generated	ok	/home/shuai/xlab/upgrade_testing/hadoop-transform/hadoop-yarn-project/hadoop-yarn/hadoop-yarn-server/hadoop-yarn-server-nodemanager/src/main/java/org/apache/hadoop/yarn/server/nodemanager/NMContextJVMInterface.java
org.apache.hadoop.yarn.api.records.PreemptionContractJVMInterface	generated	ok	/home/shuai/xlab/upgrade_testing/hadoop-transform/hadoop-yarn-project/hadoop-yarn/hadoop-yarn-api/src/main/java/org/apache/hadoop/yarn/api/records/PreemptionContractJVMInterface.java
org.apache.hadoop.security.authorize.AccessControlListJVMInterface	generated	ok	/home/shuai/xlab/upgrade_testing/hadoop-transform/hadoop-common-project/hadoop-common/src/main/java/org/apache/hadoop/security/authorize/AccessControlListJVMInterface.java
org.apache.hadoop.yarn.server.records.VersionJVMInterface	generated	ok	/home/shuai/xlab/upgrade_testing/hadoop-transform/hadoop-yarn-project/hadoop-yarn/hadoop-yarn-server/hadoop-yarn-server-common/src/main/java/org/apache/hadoop/yarn/server/records/VersionJVMInterface.java
org.apache.hadoop.metrics2.MetricsInfoJVMInterface	generated	ok	/home/shuai/xlab/upgrade_testing/hadoop-transform/hadoop-common-project/hadoop-common/src/main/java/org/apache/hadoop/metrics2/MetricsInfoJVMInterface.java
org.apache.hadoop.yarn.api.protocolrecords.GetQueueInfoRequestJVMInterface	generated	ok	/home/shuai/xlab/upgrade_testing/hadoop-transform/hadoop-yarn-project/hadoop-yarn/hadoop-yarn-api/src/main/java/org/apache/hadoop/yarn/api/protocolrecords/GetQueueInfoRequestJVMInterface.java
org.apache.hadoop.yarn.server.federation.store.records.GetApplicationsHomeSubClusterResponseJVMInterface	generated	ok	/home/shuai/xlab/upgrade_testing/hadoop-transform/hadoop-yarn-project/hadoop-yarn/hadoop-yarn-server/hadoop-yarn-server-common/src/main/java/org/apache/hadoop/yarn/server/federation/store/records/GetApplicationsHomeSubClusterResponseJVMInterface.java
org.apache.hadoop.metrics2.lib.MutableRateJVMInterface	generated	ok	/home/shuai/xlab/upgrade_testing/hadoop-transform/hadoop-common-project/hadoop-common/src/main/java/org/apache/hadoop/metrics2/lib/MutableRateJVMInterface.java
org.apache.hadoop.fs.ByteBufferReadableJVMInterface	generated	ok	/home/shuai/xlab/upgrade_testing/hadoop-transform/hadoop-common-project/hadoop-common/src/main/java/org/apache/hadoop/fs/ByteBufferReadableJVMInterface.java
org.apache.hadoop.yarn.server.federation.store.records.AddApplicationHomeSubClusterRequestJVMInterface	generated	ok	/home/shuai/xlab/upgrade_testing/hadoop-transform/hadoop-yarn-project/hadoop-yarn/hadoop-yarn-server/hadoop-yarn-server-common/src/main/java/org/apache/hadoop/yarn/server/federation/store/records/AddApplicationHomeSubClusterRequestJVMInterface.java
org.apache.hadoop.yarn.api.records.QueueStatisticsJVMInterface	generated	ok	/home/shuai/xlab/upgrade_testing/hadoop-transform/hadoop-yarn-project/hadoop-yarn/hadoop-yarn-api/src/main/java/org/apache/hadoop/yarn/api/records/QueueStatisticsJVMInterface.java
org.apache.hadoop.yarn.api.protocolrecords.GetApplicationsRequestJVMInterface	generated	ok	/home/shuai/xlab/upgrade_testing/hadoop-transform/hadoop-yarn-project/hadoop-yarn/hadoop-yarn-api/src/main/java/org/apache/hadoop/yarn/api/protocolrecords/GetApplicationsRequestJVMInterface.java
org.apache.hadoop.yarn.server.resourcemanager.federation.FederationStateStoreServiceJVMInterface	generated	ok	/home/shuai/xlab/upgrade_testing/hadoop-transform/hadoop-yarn-project/hadoop-yarn/hadoop-yarn-server/hadoop-yarn-server-resourcemanager/src/main/java/org/apache/hadoop/yarn/server/resourcemanager/federation/FederationStateStoreServiceJVMInterface.java
org.apache.hadoop.fs.PathJVMInterface	generated	ok	/home/shuai/xlab/upgrade_testing/hadoop-transform/hadoop-common-project/hadoop-common/src/main/java/org/apache/hadoop/fs/PathJVMInterface.java
org.apache.hadoop.conf.ConfigurationJVMInterface	generated	ok	/home/shuai/xlab/upgrade_testing/hadoop-transform/hadoop-common-project/hadoop-common/src/main/java/org/apache/hadoop/conf/ConfigurationJVMInterface.java
org.apache.hadoop.yarn.api.protocolrecords.GetClusterMetricsRequestJVMInterface	generated	ok	/home/shuai/xlab/upgrade_testing/hadoop-transform/hadoop-yarn-project/hadoop-yarn/hadoop-yarn-api/src/main/java/org/apache/hadoop/yarn/api/protocolrecords/GetClusterMetricsRequestJVMInterface.java
org.apache.hadoop.security.CredentialsJVMInterface	generated	ok	/home/shuai/xlab/upgrade_testing/hadoop-transform/hadoop-common-project/hadoop-common/src/main/java/org/apache/hadoop/security/CredentialsJVMInterface.java
org.apache.hadoop.yarn.api.protocolrecords.GetNewApplicationRequestJVMInterface	generated	ok	/home/shuai/xlab/upgrade_testing/hadoop-transform/hadoop-yarn-project/hadoop-yarn/hadoop-yarn-api/src/main/java/org/apache/hadoop/yarn/api/protocolrecords/GetNewApplicationRequestJVMInterface.java
org.apache.hadoop.yarn.state.MultiStateTransitionListenerJVMInterface	generated	ok	/home/shuai/xlab/upgrade_testing/hadoop-transform/hadoop-yarn-project/hadoop-yarn/hadoop-yarn-common/src/main/java/org/apache/hadoop/yarn/state/MultiStateTransitionListenerJVMInterface.java
org.apache.hadoop.yarn.server.nodemanager.recovery.NMStateStoreServiceJVMInterface	generated	ok	/home/shuai/xlab/upgrade_testing/hadoop-transform/hadoop-yarn-project/hadoop-yarn/hadoop-yarn-server/hadoop-yarn-server-nodemanager/src/main/java/org/apache/hadoop/yarn/server/nodemanager/recovery/NMStateStoreServiceJVMInterface.java
org.apache.hadoop.yarn.server.api.protocolrecords.RegisterNodeManagerRequestJVMInterface	generated	ok	/home/shuai/xlab/upgrade_testing/hadoop-transform/hadoop-yarn-project/hadoop-yarn/hadoop-yarn-server/hadoop-yarn-server-common/src/main/java/org/apache/hadoop/yarn/server/api/protocolrecords/RegisterNodeManagerRequestJVMInterface.java
org.apache.hadoop.fs.SeekableJVMInterface	generated	ok	/home/shuai/xlab/upgrade_testing/hadoop-transform/hadoop-common-project/hadoop-common/src/main/java/org/apache/hadoop/fs/SeekableJVMInterface.java
org.apache.hadoop.fs.ContentSummaryJVMInterface	generated	ok	/home/shuai/xlab/upgrade_testing/hadoop-transform/hadoop-common-project/hadoop-common/src/main/java/org/apache/hadoop/fs/ContentSummaryJVMInterface.java
org.apache.hadoop.fs.CanSetReadaheadJVMInterface	generated	ok	/home/shuai/xlab/upgrade_testing/hadoop-transform/hadoop-common-project/hadoop-common/src/main/java/org/apache/hadoop/fs/CanSetReadaheadJVMInterface.java
org.apache.hadoop.yarn.server.scheduler.OpportunisticContainerContextJVMInterface	generated	ok	/home/shuai/xlab/upgrade_testing/hadoop-transform/hadoop-yarn-project/hadoop-yarn/hadoop-yarn-server/hadoop-yarn-server-common/src/main/java/org/apache/hadoop/yarn/server/scheduler/OpportunisticContainerContextJVMInterface.java
org.apache.hadoop.service.ServiceJVMInterface	generated	ok	/home/shuai/xlab/upgrade_testing/hadoop-transform/hadoop-common-project/hadoop-common/src/main/java/org/apache/hadoop/service/ServiceJVMInterface.java
org.apache.hadoop.yarn.api.protocolrecords.KillApplicationRequestJVMInterface	generated	ok	/home/shuai/xlab/upgrade_testing/hadoop-transform/hadoop-yarn-project/hadoop-yarn/hadoop-yarn-api/src/main/java/org/apache/hadoop/yarn/api/protocolrecords/KillApplicationRequestJVMInterface.java
org.apache.hadoop.fs.FileChecksumJVMInterface	generated	ok	/home/shuai/xlab/upgrade_testing/hadoop-transform/hadoop-common-project/hadoop-common/src/main/java/org/apache/hadoop/fs/FileChecksumJVMInterface.java
org.apache.hadoop.yarn.server.nodemanager.security.NMContainerTokenSecretManagerJVMInterface	generated	ok	/home/shuai/xlab/upgrade_testing/hadoop-transform/hadoop-yarn-project/hadoop-yarn/hadoop-yarn-server/hadoop-yarn-server-nodemanager/src/main/java/org/apache/hadoop/yarn/server/nodemanager/security/NMContainerTokenSecretManagerJVMInterface.java
org.apache.hadoop.yarn.api.records.ContainerLaunchContextJVMInterface	generated	ok	/home/shuai/xlab/upgrade_testing/hadoop-transform/hadoop-yarn-project/hadoop-yarn/hadoop-yarn-api/src/main/java/org/apache/hadoop/yarn/api/records/ContainerLaunchContextJVMInterface.java
org.apache.hadoop.yarn.event.EventHandlerJVMInterface	generated	ok	/home/shuai/xlab/upgrade_testing/hadoop-transform/hadoop-yarn-project/hadoop-yarn/hadoop-yarn-common/src/main/java/org/apache/hadoop/yarn/event/EventHandlerJVMInterface.java
org.apache.hadoop.metrics2.lib.MutableStatJVMInterface	generated	ok	/home/shuai/xlab/upgrade_testing/hadoop-transform/hadoop-common-project/hadoop-common/src/main/java/org/apache/hadoop/metrics2/lib/MutableStatJVMInterface.java
org.apache.hadoop.yarn.api.protocolrecords.GetNodesToLabelsRequestJVMInterface	generated	ok	/home/shuai/xlab/upgrade_testing/hadoop-transform/hadoop-yarn-project/hadoop-yarn/hadoop-yarn-api/src/main/java/org/apache/hadoop/yarn/api/protocolrecords/GetNodesToLabelsRequestJVMInterface.java
org.apache.hadoop.yarn.server.federation.store.records.UpdateApplicationHomeSubClusterRequestJVMInterface	generated	ok	/home/shuai/xlab/upgrade_testing/hadoop-transform/hadoop-yarn-project/hadoop-yarn/hadoop-yarn-server/hadoop-yarn-server-common/src/main/java/org/apache/hadoop/yarn/server/federation/store/records/UpdateApplicationHomeSubClusterRequestJVMInterface.java
org.apache.hadoop.yarn.server.nodemanager.LocalDirsHandlerServiceJVMInterface	generated	ok	/home/shuai/xlab/upgrade_testing/hadoop-transform/hadoop-yarn-project/hadoop-yarn/hadoop-yarn-server/hadoop-yarn-server-nodemanager/src/main/java/org/apache/hadoop/yarn/server/nodemanager/LocalDirsHandlerServiceJVMInterface.java
org.apache.hadoop.yarn.api.records.ApplicationResourceUsageReportJVMInterface	generated	ok	/home/shuai/xlab/upgrade_testing/hadoop-transform/hadoop-yarn-project/hadoop-yarn/hadoop-yarn-api/src/main/java/org/apache/hadoop/yarn/api/records/ApplicationResourceUsageReportJVMInterface.java
org.apache.hadoop.fs.StorageStatisticsJVMInterface	generated	ok	/home/shuai/xlab/upgrade_testing/hadoop-transform/hadoop-common-project/hadoop-common/src/main/java/org/apache/hadoop/fs/StorageStatisticsJVMInterface.java
org.apache.hadoop.yarn.api.protocolrecords.RegisterApplicationMasterRequestJVMInterface	generated	ok	/home/shuai/xlab/upgrade_testing/hadoop-transform/hadoop-yarn-project/hadoop-yarn/hadoop-yarn-api/src/main/java/org/apache/hadoop/yarn/api/protocolrecords/RegisterApplicationMasterRequestJVMInterface.java
org.apache.hadoop.yarn.api.records.PreemptionMessageJVMInterface	generated	ok	/home/shuai/xlab/upgrade_testing/hadoop-transform/hadoop-yarn-project/hadoop-yarn/hadoop-yarn-api/src/main/java/org/apache/hadoop/yarn/api/records/PreemptionMessageJVMInterface.java
org.apache.hadoop.yarn.server.security.BaseContainerTokenSecretManagerJVMInterface	generated	ok	/home/shuai/xlab/upgrade_testing/hadoop-transform/hadoop-yarn-project/hadoop-yarn/hadoop-yarn-server/hadoop-yarn-server-common/src/main/java/org/apache/hadoop/yarn/server/security/BaseContainerTokenSecretManagerJVMInterface.java
org.apache.hadoop.yarn.server.security.ApplicationACLsManagerJVMInterface	generated	ok	/home/shuai/xlab/upgrade_testing/hadoop-transform/hadoop-yarn-project/hadoop-yarn/hadoop-yarn-common/src/main/java/org/apache/hadoop/yarn/server/security/ApplicationACLsManagerJVMInterface.java
org.apache.hadoop.io.TextJVMInterface	generated	ok	/home/shuai/xlab/upgrade_testing/hadoop-transform/hadoop-common-project/hadoop-common/src/main/java/org/apache/hadoop/io/TextJVMInterface.java
org.apache.hadoop.yarn.api.protocolrecords.GetContainersResponseJVMInterface	generated	ok	/home/shuai/xlab/upgrade_testing/hadoop-transform/hadoop-yarn-project/hadoop-yarn/hadoop-yarn-api/src/main/java/org/apache/hadoop/yarn/api/protocolrecords/GetContainersResponseJVMInterface.java
org.apache.hadoop.yarn.api.records.NodeIdJVMInterface	generated	ok	/home/shuai/xlab/upgrade_testing/hadoop-transform/hadoop-yarn-project/hadoop-yarn/hadoop-yarn-api/src/main/java/org/apache/hadoop/yarn/api/records/NodeIdJVMInterface.java
org.apache.hadoop.yarn.api.records.ContainerReportJVMInterface	generated	ok	/home/shuai/xlab/upgrade_testing/hadoop-transform/hadoop-yarn-project/hadoop-yarn/hadoop-yarn-api/src/main/java/org/apache/hadoop/yarn/api/records/ContainerReportJVMInterface.java
org.apache.hadoop.yarn.server.federation.store.records.GetSubClustersInfoRequestJVMInterface	generated	ok	/home/shuai/xlab/upgrade_testing/hadoop-transform/hadoop-yarn-project/hadoop-yarn/hadoop-yarn-server/hadoop-yarn-server-common/src/main/java/org/apache/hadoop/yarn/server/federation/store/records/GetSubClustersInfoRequestJVMInterface.java
org.apache.hadoop.yarn.api.protocolrecords.ReservationUpdateResponseJVMInterface	generated	ok	/home/shuai/xlab/upgrade_testing/hadoop-transform/hadoop-yarn-project/hadoop-yarn/hadoop-yarn-api/src/main/java/org/apache/hadoop/yarn/api/protocolrecords/ReservationUpdateResponseJVMInterface.java
org.apache.hadoop.yarn.server.federation.store.records.GetSubClusterPolicyConfigurationResponseJVMInterface	generated	ok	/home/shuai/xlab/upgrade_testing/hadoop-transform/hadoop-yarn-project/hadoop-yarn/hadoop-yarn-server/hadoop-yarn-server-common/src/main/java/org/apache/hadoop/yarn/server/federation/store/records/GetSubClusterPolicyConfigurationResponseJVMInterface.java
org.apache.hadoop.yarn.server.nodemanager.executor.ContainerLivenessContextJVMInterface	generated	ok	/home/shuai/xlab/upgrade_testing/hadoop-transform/hadoop-yarn-project/hadoop-yarn/hadoop-yarn-server/hadoop-yarn-server-nodemanager/src/main/java/org/apache/hadoop/yarn/server/nodemanager/executor/ContainerLivenessContextJVMInterface.java
org.apache.hadoop.yarn.server.resourcemanager.rmapp.RMAppEventJVMInterface	generated	ok	/home/shuai/xlab/upgrade_testing/hadoop-transform/hadoop-yarn-project/hadoop-yarn/hadoop-yarn-server/hadoop-yarn-server-resourcemanager/src/main/java/org/apache/hadoop/yarn/server/resourcemanager/rmapp/RMAppEventJVMInterface.java
org.apache.hadoop.yarn.server.federation.store.records.SubClusterPolicyConfigurationJVMInterface	generated	ok	/home/shuai/xlab/upgrade_testing/hadoop-transform/hadoop-yarn-project/hadoop-yarn/hadoop-yarn-server/hadoop-yarn-server-common/src/main/java/org/apache/hadoop/yarn/server/federation/store/records/SubClusterPolicyConfigurationJVMInterface.java
org.apache.hadoop.yarn.api.protocolrecords.SubmitApplicationResponseJVMInterface	generated	ok	/home/shuai/xlab/upgrade_testing/hadoop-transform/hadoop-yarn-project/hadoop-yarn/hadoop-yarn-api/src/main/java/org/apache/hadoop/yarn/api/protocolrecords/SubmitApplicationResponseJVMInterface.java
org.apache.hadoop.fs.PositionedReadableJVMInterface	generated	ok	/home/shuai/xlab/upgrade_testing/hadoop-transform/hadoop-common-project/hadoop-common/src/main/java/org/apache/hadoop/fs/PositionedReadableJVMInterface.java
org.apache.hadoop.yarn.api.protocolrecords.GetApplicationAttemptReportRequestJVMInterface	generated	ok	/home/shuai/xlab/upgrade_testing/hadoop-transform/hadoop-yarn-project/hadoop-yarn/hadoop-yarn-api/src/main/java/org/apache/hadoop/yarn/api/protocolrecords/GetApplicationAttemptReportRequestJVMInterface.java
org.apache.hadoop.yarn.server.api.protocolrecords.UnRegisterNodeManagerResponseJVMInterface	generated	ok	/home/shuai/xlab/upgrade_testing/hadoop-transform/hadoop-yarn-project/hadoop-yarn/hadoop-yarn-server/hadoop-yarn-server-common/src/main/java/org/apache/hadoop/yarn/server/api/protocolrecords/UnRegisterNodeManagerResponseJVMInterface.java
org.apache.hadoop.yarn.server.nodemanager.ContainerStateTransitionListenerJVMInterface	generated	ok	/home/shuai/xlab/upgrade_testing/hadoop-transform/hadoop-yarn-project/hadoop-yarn/hadoop-yarn-server/hadoop-yarn-server-nodemanager/src/main/java/org/apache/hadoop/yarn/server/nodemanager/ContainerStateTransitionListenerJVMInterface.java
org.apache.hadoop.yarn.server.nodemanager.executor.LocalizerStartContextJVMInterface	generated	ok	/home/shuai/xlab/upgrade_testing/hadoop-transform/hadoop-yarn-project/hadoop-yarn/hadoop-yarn-server/hadoop-yarn-server-nodemanager/src/main/java/org/apache/hadoop/yarn/server/nodemanager/executor/LocalizerStartContextJVMInterface.java
org.apache.hadoop.yarn.api.protocolrecords.FinishApplicationMasterResponseJVMInterface	generated	ok	/home/shuai/xlab/upgrade_testing/hadoop-transform/hadoop-yarn-project/hadoop-yarn/hadoop-yarn-api/src/main/java/org/apache/hadoop/yarn/api/protocolrecords/FinishApplicationMasterResponseJVMInterface.java
org.apache.hadoop.security.token.SecretManagerJVMInterface	generated	ok	/home/shuai/xlab/upgrade_testing/hadoop-transform/hadoop-common-project/hadoop-common/src/main/java/org/apache/hadoop/security/token/SecretManagerJVMInterface.java
org.apache.hadoop.io.WritableComparableJVMInterface	generated	ok	/home/shuai/xlab/upgrade_testing/hadoop-transform/hadoop-common-project/hadoop-common/src/main/java/org/apache/hadoop/io/WritableComparableJVMInterface.java
org.apache.hadoop.service.AbstractServiceJVMInterface	generated	ok	/home/shuai/xlab/upgrade_testing/hadoop-transform/hadoop-common-project/hadoop-common/src/main/java/org/apache/hadoop/service/AbstractServiceJVMInterface.java
org.apache.hadoop.yarn.server.nodemanager.security.NMTokenSecretManagerInNMJVMInterface	generated	ok	/home/shuai/xlab/upgrade_testing/hadoop-transform/hadoop-yarn-project/hadoop-yarn/hadoop-yarn-server/hadoop-yarn-server-nodemanager/src/main/java/org/apache/hadoop/yarn/server/nodemanager/security/NMTokenSecretManagerInNMJVMInterface.java
org.apache.hadoop.yarn.api.records.ApplicationAttemptReportJVMInterface	generated	ok	/home/shuai/xlab/upgrade_testing/hadoop-transform/hadoop-yarn-project/hadoop-yarn/hadoop-yarn-api/src/main/java/org/apache/hadoop/yarn/api/records/ApplicationAttemptReportJVMInterface.java
org.apache.hadoop.yarn.server.scheduler.OpportunisticContainerAllocatorJVMInterface	generated	ok	/home/shuai/xlab/upgrade_testing/hadoop-transform/hadoop-yarn-project/hadoop-yarn/hadoop-yarn-server/hadoop-yarn-server-common/src/main/java/org/apache/hadoop/yarn/server/scheduler/OpportunisticContainerAllocatorJVMInterface.java
org.apache.hadoop.yarn.server.federation.store.records.SubClusterInfoJVMInterface	generated	ok	/home/shuai/xlab/upgrade_testing/hadoop-transform/hadoop-yarn-project/hadoop-yarn/hadoop-yarn-server/hadoop-yarn-server-common/src/main/java/org/apache/hadoop/yarn/server/federation/store/records/SubClusterInfoJVMInterface.java
org.apache.hadoop.yarn.server.resourcemanager.ClientRMServiceJVMInterface	generated	ok	/home/shuai/xlab/upgrade_testing/hadoop-transform/hadoop-yarn-project/hadoop-yarn/hadoop-yarn-server/hadoop-yarn-server-resourcemanager/src/main/java/org/apache/hadoop/yarn/server/resourcemanager/ClientRMServiceJVMInterface.java
org.apache.hadoop.security.authorize.ServiceAuthorizationManagerJVMInterface	generated	ok	/home/shuai/xlab/upgrade_testing/hadoop-transform/hadoop-common-project/hadoop-common/src/main/java/org/apache/hadoop/security/authorize/ServiceAuthorizationManagerJVMInterface.java
org.apache.hadoop.yarn.server.nodemanager.containermanager.localizer.event.LocalizationEventJVMInterface	generated	ok	/home/shuai/xlab/upgrade_testing/hadoop-transform/hadoop-yarn-project/hadoop-yarn/hadoop-yarn-server/hadoop-yarn-server-nodemanager/src/main/java/org/apache/hadoop/yarn/server/nodemanager/containermanager/localizer/event/LocalizationEventJVMInterface.java
org.apache.hadoop.yarn.api.protocolrecords.ReservationSubmissionResponseJVMInterface	generated	ok	/home/shuai/xlab/upgrade_testing/hadoop-transform/hadoop-yarn-project/hadoop-yarn/hadoop-yarn-api/src/main/java/org/apache/hadoop/yarn/api/protocolrecords/ReservationSubmissionResponseJVMInterface.java
org.apache.hadoop.yarn.server.federation.store.FederationStateStoreJVMInterface	generated	ok	/home/shuai/xlab/upgrade_testing/hadoop-transform/hadoop-yarn-project/hadoop-yarn/hadoop-yarn-server/hadoop-yarn-server-common/src/main/java/org/apache/hadoop/yarn/server/federation/store/FederationStateStoreJVMInterface.java
org.apache.hadoop.yarn.server.security.BaseNMTokenSecretManagerJVMInterface	generated	ok	/home/shuai/xlab/upgrade_testing/hadoop-transform/hadoop-yarn-project/hadoop-yarn/hadoop-yarn-server/hadoop-yarn-server-common/src/main/java/org/apache/hadoop/yarn/server/security/BaseNMTokenSecretManagerJVMInterface.java
org.apache.hadoop.yarn.api.records.ApplicationSubmissionContextJVMInterface	generated	ok	/home/shuai/xlab/upgrade_testing/hadoop-transform/hadoop-yarn-project/hadoop-yarn/hadoop-yarn-api/src/main/java/org/apache/hadoop/yarn/api/records/ApplicationSubmissionContextJVMInterface.java
org.apache.hadoop.yarn.api.protocolrecords.GetQueueInfoResponseJVMInterface	generated	ok	/home/shuai/xlab/upgrade_testing/hadoop-transform/hadoop-yarn-project/hadoop-yarn/hadoop-yarn-api/src/main/java/org/apache/hadoop/yarn/api/protocolrecords/GetQueueInfoResponseJVMInterface.java
org.apache.hadoop.yarn.security.ContainerTokenIdentifierJVMInterface	generated	ok	/home/shuai/xlab/upgrade_testing/hadoop-transform/hadoop-yarn-project/hadoop-yarn/hadoop-yarn-common/src/main/java/org/apache/hadoop/yarn/security/ContainerTokenIdentifierJVMInterface.java
org.apache.hadoop.yarn.server.nodemanager.DefaultContainerStateListenerJVMInterface	generated	ok	/home/shuai/xlab/upgrade_testing/hadoop-transform/hadoop-yarn-project/hadoop-yarn/hadoop-yarn-server/hadoop-yarn-server-nodemanager/src/main/java/org/apache/hadoop/yarn/server/nodemanager/DefaultContainerStateListenerJVMInterface.java
org.apache.hadoop.yarn.api.records.ReservationIdJVMInterface	generated	ok	/home/shuai/xlab/upgrade_testing/hadoop-transform/hadoop-yarn-project/hadoop-yarn/hadoop-yarn-api/src/main/java/org/apache/hadoop/yarn/api/records/ReservationIdJVMInterface.java
org.apache.hadoop.yarn.server.resourcemanager.ResourceManagerJVMInterface	generated	ok	/home/shuai/xlab/upgrade_testing/hadoop-transform/hadoop-yarn-project/hadoop-yarn/hadoop-yarn-server/hadoop-yarn-server-resourcemanager/src/main/java/org/apache/hadoop/yarn/server/resourcemanager/ResourceManagerJVMInterface.java
org.apache.hadoop.yarn.api.protocolrecords.KillApplicationResponseJVMInterface	generated	ok	/home/shuai/xlab/upgrade_testing/hadoop-transform/hadoop-yarn-project/hadoop-yarn/hadoop-yarn-api/src/main/java/org/apache/hadoop/yarn/api/protocolrecords/KillApplicationResponseJVMInterface.java
org.apache.hadoop.fs.QuotaUsageJVMInterface	generated	ok	/home/shuai/xlab/upgrade_testing/hadoop-transform/hadoop-common-project/hadoop-common/src/main/java/org/apache/hadoop/fs/QuotaUsageJVMInterface.java
org.apache.hadoop.io.WritableJVMInterface	generated	ok	/home/shuai/xlab/upgrade_testing/hadoop-transform/hadoop-common-project/hadoop-common/src/main/java/org/apache/hadoop/io/WritableJVMInterface.java
org.apache.hadoop.yarn.api.protocolrecords.GetClusterNodeLabelsRequestJVMInterface	generated	ok	/home/shuai/xlab/upgrade_testing/hadoop-transform/hadoop-yarn-project/hadoop-yarn/hadoop-yarn-api/src/main/java/org/apache/hadoop/yarn/api/protocolrecords/GetClusterNodeLabelsRequestJVMInterface.java
org.apache.hadoop.yarn.api.records.ReservationRequestsJVMInterface	generated	ok	/home/shuai/xlab/upgrade_testing/hadoop-transform/hadoop-yarn-project/hadoop-yarn/hadoop-yarn-api/src/main/java/org/apache/hadoop/yarn/api/records/ReservationRequestsJVMInterface.java
org.apache.hadoop.ipc.metrics.RpcMetricsJVMInterface	generated	ok	/home/shuai/xlab/upgrade_testing/hadoop-transform/hadoop-common-project/hadoop-common/src/main/java/org/apache/hadoop/ipc/metrics/RpcMetricsJVMInterface.java
org.apache.hadoop.yarn.server.federation.store.FederationMembershipStateStoreJVMInterface	generated	ok	/home/shuai/xlab/upgrade_testing/hadoop-transform/hadoop-yarn-project/hadoop-yarn/hadoop-yarn-server/hadoop-yarn-server-common/src/main/java/org/apache/hadoop/yarn/server/federation/store/FederationMembershipStateStoreJVMInterface.java
org.apache.hadoop.yarn.api.ApplicationClientProtocolJVMInterface	generated	ok	/home/shuai/xlab/upgrade_testing/hadoop-transform/hadoop-yarn-project/hadoop-yarn/hadoop-yarn-api/src/main/java/org/apache/hadoop/yarn/api/ApplicationClientProtocolJVMInterface.java
org.apache.hadoop.yarn.api.protocolrecords.StartContainerRequestJVMInterface	generated	ok	/home/shuai/xlab/upgrade_testing/hadoop-transform/hadoop-yarn-project/hadoop-yarn/hadoop-yarn-api/src/main/java/org/apache/hadoop/yarn/api/protocolrecords/StartContainerRequestJVMInterface.java
org.apache.hadoop.yarn.api.records.PriorityJVMInterface	generated	ok	/home/shuai/xlab/upgrade_testing/hadoop-transform/hadoop-yarn-project/hadoop-yarn/hadoop-yarn-api/src/main/java/org/apache/hadoop/yarn/api/records/PriorityJVMInterface.java
org.apache.hadoop.yarn.api.records.ReservationDefinitionJVMInterface	generated	ok	/home/shuai/xlab/upgrade_testing/hadoop-transform/hadoop-yarn-project/hadoop-yarn/hadoop-yarn-api/src/main/java/org/apache/hadoop/yarn/api/records/ReservationDefinitionJVMInterface.java
org.apache.hadoop.fs.FSDataOutputStreamBuilderJVMInterface	generated	ok	/home/shuai/xlab/upgrade_testing/hadoop-transform/hadoop-common-project/hadoop-common/src/main/java/org/apache/hadoop/fs/FSDataOutputStreamBuilderJVMInterface.java
org.apache.hadoop.yarn.server.resourcemanager.RMFatalEventJVMInterface	generated	ok	/home/shuai/xlab/upgrade_testing/hadoop-transform/hadoop-yarn-project/hadoop-yarn/hadoop-yarn-server/hadoop-yarn-server-resourcemanager/src/main/java/org/apache/hadoop/yarn/server/resourcemanager/RMFatalEventJVMInterface.java
org.apache.hadoop.yarn.server.nodemanager.NodeManagerEventJVMInterface	generated	ok	/home/shuai/xlab/upgrade_testing/hadoop-transform/hadoop-yarn-project/hadoop-yarn/hadoop-yarn-server/hadoop-yarn-server-nodemanager/src/main/java/org/apache/hadoop/yarn/server/nodemanager/NodeManagerEventJVMInterface.java
org.apache.hadoop.yarn.server.federation.store.records.GetApplicationsHomeSubClusterRequestJVMInterface	generated	ok	/home/shuai/xlab/upgrade_testing/hadoop-transform/hadoop-yarn-project/hadoop-yarn/hadoop-yarn-server/hadoop-yarn-server-common/src/main/java/org/apache/hadoop/yarn/server/federation/store/records/GetApplicationsHomeSubClusterRequestJVMInterface.java
org.apache.hadoop.yarn.api.protocolrecords.GetApplicationsResponseJVMInterface	generated	ok	/home/shuai/xlab/upgrade_testing/hadoop-transform/hadoop-yarn-project/hadoop-yarn/hadoop-yarn-api/src/main/java/org/apache/hadoop/yarn/api/protocolrecords/GetApplicationsResponseJVMInterface.java
org.apache.hadoop.yarn.api.protocolrecords.GetClusterMetricsResponseJVMInterface	generated	ok	/home/shuai/xlab/upgrade_testing/hadoop-transform/hadoop-yarn-project/hadoop-yarn/hadoop-yarn-api/src/main/java/org/apache/hadoop/yarn/api/protocolrecords/GetClusterMetricsResponseJVMInterface.java
org.apache.hadoop.yarn.api.protocolrecords.GetLabelsToNodesRequestJVMInterface	generated	ok	/home/shuai/xlab/upgrade_testing/hadoop-transform/hadoop-yarn-project/hadoop-yarn/hadoop-yarn-api/src/main/java/org/apache/hadoop/yarn/api/protocolrecords/GetLabelsToNodesRequestJVMInterface.java
org.apache.hadoop.yarn.api.records.ResourceRequestJVMInterface	generated	ok	/home/shuai/xlab/upgrade_testing/hadoop-transform/hadoop-yarn-project/hadoop-yarn/hadoop-yarn-api/src/main/java/org/apache/hadoop/yarn/api/records/ResourceRequestJVMInterface.java
org.apache.hadoop.fs.SyncableJVMInterface	generated	ok	/home/shuai/xlab/upgrade_testing/hadoop-transform/hadoop-common-project/hadoop-common/src/main/java/org/apache/hadoop/fs/SyncableJVMInterface.java
org.apache.hadoop.yarn.api.protocolrecords.AllocateRequestJVMInterface	generated	ok	/home/shuai/xlab/upgrade_testing/hadoop-transform/hadoop-yarn-project/hadoop-yarn/hadoop-yarn-api/src/main/java/org/apache/hadoop/yarn/api/protocolrecords/AllocateRequestJVMInterface.java
org.apache.hadoop.yarn.server.federation.store.records.AddApplicationHomeSubClusterResponseJVMInterface	generated	ok	/home/shuai/xlab/upgrade_testing/hadoop-transform/hadoop-yarn-project/hadoop-yarn/hadoop-yarn-server/hadoop-yarn-server-common/src/main/java/org/apache/hadoop/yarn/server/federation/store/records/AddApplicationHomeSubClusterResponseJVMInterface.java
org.apache.hadoop.yarn.api.records.ApplicationReportJVMInterface	generated	ok	/home/shuai/xlab/upgrade_testing/hadoop-transform/hadoop-yarn-project/hadoop-yarn/hadoop-yarn-api/src/main/java/org/apache/hadoop/yarn/api/records/ApplicationReportJVMInterface.java
org.apache.hadoop.yarn.api.records.LogAggregationContextJVMInterface	generated	ok	/home/shuai/xlab/upgrade_testing/hadoop-transform/hadoop-yarn-project/hadoop-yarn/hadoop-yarn-api/src/main/java/org/apache/hadoop/yarn/api/records/LogAggregationContextJVMInterface.java
org.apache.hadoop.yarn.event.EventJVMInterface	generated	ok	/home/shuai/xlab/upgrade_testing/hadoop-transform/hadoop-yarn-project/hadoop-yarn/hadoop-yarn-common/src/main/java/org/apache/hadoop/yarn/event/EventJVMInterface.java
org.apache.hadoop.yarn.server.api.records.OpportunisticContainersStatusJVMInterface	generated	ok	/home/shuai/xlab/upgrade_testing/hadoop-transform/hadoop-yarn-project/hadoop-yarn/hadoop-yarn-server/hadoop-yarn-server-common/src/main/java/org/apache/hadoop/yarn/server/api/records/OpportunisticContainersStatusJVMInterface.java
org.apache.hadoop.yarn.api.protocolrecords.GetClusterNodesRequestJVMInterface	generated	ok	/home/shuai/xlab/upgrade_testing/hadoop-transform/hadoop-yarn-project/hadoop-yarn/hadoop-yarn-api/src/main/java/org/apache/hadoop/yarn/api/protocolrecords/GetClusterNodesRequestJVMInterface.java
org.apache.hadoop.yarn.server.nodemanager.containermanager.container.ContainerEventJVMInterface	generated	ok	/home/shuai/xlab/upgrade_testing/hadoop-transform/hadoop-yarn-project/hadoop-yarn/hadoop-yarn-server/hadoop-yarn-server-nodemanager/src/main/java/org/apache/hadoop/yarn/server/nodemanager/containermanager/container/ContainerEventJVMInterface.java
org.apache.hadoop.yarn.server.resourcemanager.rmapp.attempt.RMAppAttemptEventJVMInterface	generated	ok	/home/shuai/xlab/upgrade_testing/hadoop-transform/hadoop-yarn-project/hadoop-yarn/hadoop-yarn-server/hadoop-yarn-server-resourcemanager/src/main/java/org/apache/hadoop/yarn/server/resourcemanager/rmapp/attempt/RMAppAttemptEventJVMInterface.java
org.apache.hadoop.security.authorize.ServiceJVMInterface	generated	ok	/home/shuai/xlab/upgrade_testing/hadoop-transform/hadoop-common-project/hadoop-common/src/main/java/org/apache/hadoop/security/authorize/ServiceJVMInterface.java
org.apache.hadoop.security.UserGroupInformationJVMInterface	generated	ok	/home/shuai/xlab/upgrade_testing/hadoop-transform/hadoop-common-project/hadoop-common/src/main/java/org/apache/hadoop/security/UserGroupInformationJVMInterface.java
org.apache.hadoop.yarn.server.federation.store.records.SetSubClusterPolicyConfigurationResponseJVMInterface	generated	ok	/home/shuai/xlab/upgrade_testing/hadoop-transform/hadoop-yarn-project/hadoop-yarn/hadoop-yarn-server/hadoop-yarn-server-common/src/main/java/org/apache/hadoop/yarn/server/federation/store/records/SetSubClusterPolicyConfigurationResponseJVMInterface.java
org.apache.hadoop.yarn.api.records.ResourceBlacklistRequestJVMInterface	generated	ok	/home/shuai/xlab/upgrade_testing/hadoop-transform/hadoop-yarn-project/hadoop-yarn/hadoop-yarn-api/src/main/java/org/apache/hadoop/yarn/api/records/ResourceBlacklistRequestJVMInterface.java
org.apache.hadoop.yarn.api.protocolrecords.FailApplicationAttemptRequestJVMInterface	generated	ok	/home/shuai/xlab/upgrade_testing/hadoop-transform/hadoop-yarn-project/hadoop-yarn/hadoop-yarn-api/src/main/java/org/apache/hadoop/yarn/api/protocolrecords/FailApplicationAttemptRequestJVMInterface.java
org.apache.hadoop.yarn.api.protocolrecords.CancelDelegationTokenRequestJVMInterface	generated	ok	/home/shuai/xlab/upgrade_testing/hadoop-transform/hadoop-yarn-project/hadoop-yarn/hadoop-yarn-api/src/main/java/org/apache/hadoop/yarn/api/protocolrecords/CancelDelegationTokenRequestJVMInterface.java
org.apache.hadoop.yarn.api.protocolrecords.GetApplicationAttemptsResponseJVMInterface	generated	ok	/home/shuai/xlab/upgrade_testing/hadoop-transform/hadoop-yarn-project/hadoop-yarn/hadoop-yarn-api/src/main/java/org/apache/hadoop/yarn/api/protocolrecords/GetApplicationAttemptsResponseJVMInterface.java
org.apache.hadoop.yarn.api.protocolrecords.RegisterApplicationMasterResponseJVMInterface	generated	ok	/home/shuai/xlab/upgrade_testing/hadoop-transform/hadoop-yarn-project/hadoop-yarn/hadoop-yarn-api/src/main/java/org/apache/hadoop/yarn/api/protocolrecords/RegisterApplicationMasterResponseJVMInterface.java
org.apache.hadoop.yarn.server.api.protocolrecords.UnRegisterNodeManagerRequestJVMInterface	generated	ok	/home/shuai/xlab/upgrade_testing/hadoop-transform/hadoop-yarn-project/hadoop-yarn/hadoop-yarn-server/hadoop-yarn-server-common/src/main/java/org/apache/hadoop/yarn/server/api/protocolrecords/UnRegisterNodeManagerRequestJVMInterface.java
org.apache.hadoop.yarn.api.protocolrecords.ReservationUpdateRequestJVMInterface	generated	ok	/home/shuai/xlab/upgrade_testing/hadoop-transform/hadoop-yarn-project/hadoop-yarn/hadoop-yarn-api/src/main/java/org/apache/hadoop/yarn/api/protocolrecords/ReservationUpdateRequestJVMInterface.java
org.apache.hadoop.fs.FSDataOutputStreamJVMInterface	generated	ok	/home/shuai/xlab/upgrade_testing/hadoop-transform/hadoop-common-project/hadoop-common/src/main/java/org/apache/hadoop/fs/FSDataOutputStreamJVMInterface.java
org.apache.hadoop.yarn.api.protocolrecords.UpdateApplicationPriorityResponseJVMInterface	generated	ok	/home/shuai/xlab/upgrade_testing/hadoop-transform/hadoop-yarn-project/hadoop-yarn/hadoop-yarn-api/src/main/java/org/apache/hadoop/yarn/api/protocolrecords/UpdateApplicationPriorityResponseJVMInterface.java
org.apache.hadoop.yarn.api.protocolrecords.GetQueueUserAclsInfoRequestJVMInterface	generated	ok	/home/shuai/xlab/upgrade_testing/hadoop-transform/hadoop-yarn-project/hadoop-yarn/hadoop-yarn-api/src/main/java/org/apache/hadoop/yarn/api/protocolrecords/GetQueueUserAclsInfoRequestJVMInterface.java
org.apache.hadoop.yarn.event.AbstractEventJVMInterface	generated	ok	/home/shuai/xlab/upgrade_testing/hadoop-transform/hadoop-yarn-project/hadoop-yarn/hadoop-yarn-common/src/main/java/org/apache/hadoop/yarn/event/AbstractEventJVMInterface.java
org.apache.hadoop.yarn.server.api.records.NodeHealthStatusJVMInterface	generated	ok	/home/shuai/xlab/upgrade_testing/hadoop-transform/hadoop-yarn-project/hadoop-yarn/hadoop-yarn-server/hadoop-yarn-server-common/src/main/java/org/apache/hadoop/yarn/server/api/records/NodeHealthStatusJVMInterface.java
org.apache.hadoop.fs.HasEnhancedByteBufferAccessJVMInterface	generated	ok	/home/shuai/xlab/upgrade_testing/hadoop-transform/hadoop-common-project/hadoop-common/src/main/java/org/apache/hadoop/fs/HasEnhancedByteBufferAccessJVMInterface.java
org.apache.hadoop.yarn.server.nodemanager.executor.ContainerReacquisitionContextJVMInterface	generated	ok	/home/shuai/xlab/upgrade_testing/hadoop-transform/hadoop-yarn-project/hadoop-yarn/hadoop-yarn-server/hadoop-yarn-server-nodemanager/src/main/java/org/apache/hadoop/yarn/server/nodemanager/executor/ContainerReacquisitionContextJVMInterface.java
org.apache.hadoop.yarn.api.records.TokenJVMInterface	generated	ok	/home/shuai/xlab/upgrade_testing/hadoop-transform/hadoop-yarn-project/hadoop-yarn/hadoop-yarn-api/src/main/java/org/apache/hadoop/yarn/api/records/TokenJVMInterface.java
org.apache.hadoop.yarn.server.api.ResourceTrackerJVMInterface	generated	ok	/home/shuai/xlab/upgrade_testing/hadoop-transform/hadoop-yarn-project/hadoop-yarn/hadoop-yarn-server/hadoop-yarn-server-common/src/main/java/org/apache/hadoop/yarn/server/api/ResourceTrackerJVMInterface.java
org.apache.hadoop.yarn.api.protocolrecords.FinishApplicationMasterRequestJVMInterface	generated	ok	/home/shuai/xlab/upgrade_testing/hadoop-transform/hadoop-yarn-project/hadoop-yarn/hadoop-yarn-api/src/main/java/org/apache/hadoop/yarn/api/protocolrecords/FinishApplicationMasterRequestJVMInterface.java
org.apache.hadoop.yarn.api.protocolrecords.UpdateApplicationTimeoutsResponseJVMInterface	generated	ok	/home/shuai/xlab/upgrade_testing/hadoop-transform/hadoop-yarn-project/hadoop-yarn/hadoop-yarn-api/src/main/java/org/apache/hadoop/yarn/api/protocolrecords/UpdateApplicationTimeoutsResponseJVMInterface.java
org.apache.hadoop.yarn.api.protocolrecords.GetNodesToLabelsResponseJVMInterface	generated	ok	/home/shuai/xlab/upgrade_testing/hadoop-transform/hadoop-yarn-project/hadoop-yarn/hadoop-yarn-api/src/main/java/org/apache/hadoop/yarn/api/protocolrecords/GetNodesToLabelsResponseJVMInterface.java
org.apache.hadoop.yarn.api.protocolrecords.GetApplicationAttemptsRequestJVMInterface	generated	ok	/home/shuai/xlab/upgrade_testing/hadoop-transform/hadoop-yarn-project/hadoop-yarn/hadoop-yarn-api/src/main/java/org/apache/hadoop/yarn/api/protocolrecords/GetApplicationAttemptsRequestJVMInterface.java
org.apache.hadoop.security.authorize.PolicyProviderJVMInterface	generated	ok	/home/shuai/xlab/upgrade_testing/hadoop-transform/hadoop-common-project/hadoop-common/src/main/java/org/apache/hadoop/security/authorize/PolicyProviderJVMInterface.java
org.apache.hadoop.yarn.api.protocolrecords.GetQueueUserAclsInfoResponseJVMInterface	generated	ok	/home/shuai/xlab/upgrade_testing/hadoop-transform/hadoop-yarn-project/hadoop-yarn/hadoop-yarn-api/src/main/java/org/apache/hadoop/yarn/api/protocolrecords/GetQueueUserAclsInfoResponseJVMInterface.java
org.apache.hadoop.fs.StreamCapabilitiesJVMInterface	generated	ok	/home/shuai/xlab/upgrade_testing/hadoop-transform/hadoop-common-project/hadoop-common/src/main/java/org/apache/hadoop/fs/StreamCapabilitiesJVMInterface.java
org.apache.hadoop.yarn.api.ApplicationMasterProtocolJVMInterface	generated	ok	/home/shuai/xlab/upgrade_testing/hadoop-transform/hadoop-yarn-project/hadoop-yarn/hadoop-yarn-api/src/main/java/org/apache/hadoop/yarn/api/ApplicationMasterProtocolJVMInterface.java
org.apache.hadoop.yarn.server.federation.store.records.SetSubClusterPolicyConfigurationRequestJVMInterface	generated	ok	/home/shuai/xlab/upgrade_testing/hadoop-transform/hadoop-yarn-project/hadoop-yarn/hadoop-yarn-server/hadoop-yarn-server-common/src/main/java/org/apache/hadoop/yarn/server/federation/store/records/SetSubClusterPolicyConfigurationRequestJVMInterface.java
org.apache.hadoop.yarn.server.nodemanager.ContextJVMInterface	generated	ok	/home/shuai/xlab/upgrade_testing/hadoop-transform/hadoop-yarn-project/hadoop-yarn/hadoop-yarn-server/hadoop-yarn-server-nodemanager/src/main/java/org/apache/hadoop/yarn/server/nodemanager/ContextJVMInterface.java
org.apache.hadoop.yarn.api.protocolrecords.GetNewApplicationResponseJVMInterface	generated	ok	/home/shuai/xlab/upgrade_testing/hadoop-transform/hadoop-yarn-project/hadoop-yarn/hadoop-yarn-api/src/main/java/org/apache/hadoop/yarn/api/protocolrecords/GetNewApplicationResponseJVMInterface.java
org.apache.hadoop.yarn.server.resourcemanager.ResourceTrackerServiceJVMInterface	generated	ok	/home/shuai/xlab/upgrade_testing/hadoop-transform/hadoop-yarn-project/hadoop-yarn/hadoop-yarn-server/hadoop-yarn-server-resourcemanager/src/main/java/org/apache/hadoop/yarn/server/resourcemanager/ResourceTrackerServiceJVMInterface.java
org.apache.hadoop.yarn.api.protocolrecords.GetContainerReportRequestJVMInterface	generated	ok	/home/shuai/xlab/upgrade_testing/hadoop-transform/hadoop-yarn-project/hadoop-yarn/hadoop-yarn-api/src/main/java/org/apache/hadoop/yarn/api/protocolrecords/GetContainerReportRequestJVMInterface.java
org.apache.hadoop.yarn.api.protocolrecords.UpdateApplicationTimeoutsRequestJVMInterface	generated	ok	/home/shuai/xlab/upgrade_testing/hadoop-transform/hadoop-yarn-project/hadoop-yarn/hadoop-yarn-api/src/main/java/org/apache/hadoop/yarn/api/protocolrecords/UpdateApplicationTimeoutsRequestJVMInterface.java
org.apache.hadoop.yarn.api.protocolrecords.SignalContainerResponseJVMInterface	generated	ok	/home/shuai/xlab/upgrade_testing/hadoop-transform/hadoop-yarn-project/hadoop-yarn/hadoop-yarn-api/src/main/java/org/apache/hadoop/yarn/api/protocolrecords/SignalContainerResponseJVMInterface.java
org.apache.hadoop.yarn.server.federation.store.records.DeleteApplicationHomeSubClusterResponseJVMInterface	generated	ok	/home/shuai/xlab/upgrade_testing/hadoop-transform/hadoop-yarn-project/hadoop-yarn/hadoop-yarn-server/hadoop-yarn-server-common/src/main/java/org/apache/hadoop/yarn/server/federation/store/records/DeleteApplicationHomeSubClusterResponseJVMInterface.java
org.apache.hadoop.yarn.api.records.ContainerJVMInterface	generated	ok	/home/shuai/xlab/upgrade_testing/hadoop-transform/hadoop-yarn-project/hadoop-yarn/hadoop-yarn-api/src/main/java/org/apache/hadoop/yarn/api/records/ContainerJVMInterface.java
org.apache.hadoop.yarn.api.protocolrecords.ReservationDeleteResponseJVMInterface	generated	ok	/home/shuai/xlab/upgrade_testing/hadoop-transform/hadoop-yarn-project/hadoop-yarn/hadoop-yarn-api/src/main/java/org/apache/hadoop/yarn/api/protocolrecords/ReservationDeleteResponseJVMInterface.java
org.apache.hadoop.yarn.server.federation.store.records.SubClusterDeregisterResponseJVMInterface	generated	ok	/home/shuai/xlab/upgrade_testing/hadoop-transform/hadoop-yarn-project/hadoop-yarn/hadoop-yarn-server/hadoop-yarn-server-common/src/main/java/org/apache/hadoop/yarn/server/federation/store/records/SubClusterDeregisterResponseJVMInterface.java
org.apache.hadoop.yarn.server.resourcemanager.recovery.RecoverableJVMInterface	generated	ok	/home/shuai/xlab/upgrade_testing/hadoop-transform/hadoop-yarn-project/hadoop-yarn/hadoop-yarn-server/hadoop-yarn-server-resourcemanager/src/main/java/org/apache/hadoop/yarn/server/resourcemanager/recovery/RecoverableJVMInterface.java
org.apache.hadoop.yarn.api.protocolrecords.GetApplicationAttemptReportResponseJVMInterface	generated	ok	/home/shuai/xlab/upgrade_testing/hadoop-transform/hadoop-yarn-project/hadoop-yarn/hadoop-yarn-api/src/main/java/org/apache/hadoop/yarn/api/protocolrecords/GetApplicationAttemptReportResponseJVMInterface.java
org.apache.hadoop.yarn.api.protocolrecords.GetApplicationReportRequestJVMInterface	generated	ok	/home/shuai/xlab/upgrade_testing/hadoop-transform/hadoop-yarn-project/hadoop-yarn/hadoop-yarn-api/src/main/java/org/apache/hadoop/yarn/api/protocolrecords/GetApplicationReportRequestJVMInterface.java
org.apache.hadoop.yarn.server.resourcemanager.resource.DynamicResourceConfigurationJVMInterface	generated	ok	/home/shuai/xlab/upgrade_testing/hadoop-transform/hadoop-yarn-project/hadoop-yarn/hadoop-yarn-server/hadoop-yarn-server-resourcemanager/src/main/java/org/apache/hadoop/yarn/server/resourcemanager/resource/DynamicResourceConfigurationJVMInterface.java
org.apache.hadoop.yarn.api.protocolrecords.GetApplicationReportResponseJVMInterface	generated	ok	/home/shuai/xlab/upgrade_testing/hadoop-transform/hadoop-yarn-project/hadoop-yarn/hadoop-yarn-api/src/main/java/org/apache/hadoop/yarn/api/protocolrecords/GetApplicationReportResponseJVMInterface.java
org.apache.hadoop.yarn.server.resourcemanager.federation.FederationStateStoreHeartbeatJVMInterface	generated	ok	/home/shuai/xlab/upgrade_testing/hadoop-transform/hadoop-yarn-project/hadoop-yarn/hadoop-yarn-server/hadoop-yarn-server-resourcemanager/src/main/java/org/apache/hadoop/yarn/server/resourcemanager/federation/FederationStateStoreHeartbeatJVMInterface.java
org.apache.hadoop.yarn.api.records.ContainerIdJVMInterface	generated	ok	/home/shuai/xlab/upgrade_testing/hadoop-transform/hadoop-yarn-project/hadoop-yarn/hadoop-yarn-api/src/main/java/org/apache/hadoop/yarn/api/records/ContainerIdJVMInterface.java
org.apache.hadoop.yarn.server.federation.store.records.GetSubClusterPoliciesConfigurationsRequestJVMInterface	generated	ok	/home/shuai/xlab/upgrade_testing/hadoop-transform/hadoop-yarn-project/hadoop-yarn/hadoop-yarn-server/hadoop-yarn-server-common/src/main/java/org/apache/hadoop/yarn/server/federation/store/records/GetSubClusterPoliciesConfigurationsRequestJVMInterface.java
org.apache.hadoop.metrics2.AbstractMetricJVMInterface	generated	ok	/home/shuai/xlab/upgrade_testing/hadoop-transform/hadoop-common-project/hadoop-common/src/main/java/org/apache/hadoop/metrics2/AbstractMetricJVMInterface.java
org.apache.hadoop.yarn.server.resourcemanager.security.QueueACLsManagerJVMInterface	generated	ok	/home/shuai/xlab/upgrade_testing/hadoop-transform/hadoop-yarn-project/hadoop-yarn/hadoop-yarn-server/hadoop-yarn-server-resourcemanager/src/main/java/org/apache/hadoop/yarn/server/resourcemanager/security/QueueACLsManagerJVMInterface.java
org.apache.hadoop.yarn.api.protocolrecords.GetContainerReportResponseJVMInterface	generated	ok	/home/shuai/xlab/upgrade_testing/hadoop-transform/hadoop-yarn-project/hadoop-yarn/hadoop-yarn-api/src/main/java/org/apache/hadoop/yarn/api/protocolrecords/GetContainerReportResponseJVMInterface.java
org.apache.hadoop.yarn.state.StateTransitionListenerJVMInterface	generated	ok	/home/shuai/xlab/upgrade_testing/hadoop-transform/hadoop-yarn-project/hadoop-yarn/hadoop-yarn-common/src/main/java/org/apache/hadoop/yarn/state/StateTransitionListenerJVMInterface.java
org.apache.hadoop.yarn.server.nodemanager.executor.DeletionAsUserContextJVMInterface	generated	ok	/home/shuai/xlab/upgrade_testing/hadoop-transform/hadoop-yarn-project/hadoop-yarn/hadoop-yarn-server/hadoop-yarn-server-nodemanager/src/main/java/org/apache/hadoop/yarn/server/nodemanager/executor/DeletionAsUserContextJVMInterface.java
org.apache.hadoop.fs.permission.AclEntryJVMInterface	generated	ok	/home/shuai/xlab/upgrade_testing/hadoop-transform/hadoop-common-project/hadoop-common/src/main/java/org/apache/hadoop/fs/permission/AclEntryJVMInterface.java
org.apache.hadoop.yarn.api.records.QueueInfoJVMInterface	generated	ok	/home/shuai/xlab/upgrade_testing/hadoop-transform/hadoop-yarn-project/hadoop-yarn/hadoop-yarn-api/src/main/java/org/apache/hadoop/yarn/api/records/QueueInfoJVMInterface.java
org.apache.hadoop.yarn.api.protocolrecords.AllocateResponseJVMInterface	generated	ok	/home/shuai/xlab/upgrade_testing/hadoop-transform/hadoop-yarn-project/hadoop-yarn/hadoop-yarn-api/src/main/java/org/apache/hadoop/yarn/api/protocolrecords/AllocateResponseJVMInterface.java
org.apache.hadoop.yarn.server.federation.store.records.GetSubClusterPolicyConfigurationRequestJVMInterface	generated	ok	/home/shuai/xlab/upgrade_testing/hadoop-transform/hadoop-yarn-project/hadoop-yarn/hadoop-yarn-server/hadoop-yarn-server-common/src/main/java/org/apache/hadoop/yarn/server/federation/store/records/GetSubClusterPolicyConfigurationRequestJVMInterface.java
org.apache.hadoop.yarn.api.records.ResourceUtilizationJVMInterface	generated	ok	/home/shuai/xlab/upgrade_testing/hadoop-transform/hadoop-yarn-project/hadoop-yarn/hadoop-yarn-api/src/main/java/org/apache/hadoop/yarn/api/records/ResourceUtilizationJVMInterface.java
org.apache.hadoop.yarn.server.federation.store.records.ApplicationHomeSubClusterJVMInterface	generated	ok	/home/shuai/xlab/upgrade_testing/hadoop-transform/hadoop-yarn-project/hadoop-yarn/hadoop-yarn-server/hadoop-yarn-server-common/src/main/java/org/apache/hadoop/yarn/server/federation/store/records/ApplicationHomeSubClusterJVMInterface.java
org.apache.hadoop.yarn.server.federation.store.records.DeleteApplicationHomeSubClusterRequestJVMInterface	generated	ok	/home/shuai/xlab/upgrade_testing/hadoop-transform/hadoop-yarn-project/hadoop-yarn/hadoop-yarn-server/hadoop-yarn-server-common/src/main/java/org/apache/hadoop/yarn/server/federation/store/records/DeleteApplicationHomeSubClusterRequestJVMInterface.java
org.apache.hadoop.yarn.api.protocolrecords.RenewDelegationTokenResponseJVMInterface	generated	ok	/home/shuai/xlab/upgrade_testing/hadoop-transform/hadoop-yarn-project/hadoop-yarn/hadoop-yarn-api/src/main/java/org/apache/hadoop/yarn/api/protocolrecords/RenewDelegationTokenResponseJVMInterface.java
org.apache.hadoop.yarn.server.federation.store.FederationApplicationHomeSubClusterStoreJVMInterface	generated	ok	/home/shuai/xlab/upgrade_testing/hadoop-transform/hadoop-yarn-project/hadoop-yarn/hadoop-yarn-server/hadoop-yarn-server-common/src/main/java/org/apache/hadoop/yarn/server/federation/store/FederationApplicationHomeSubClusterStoreJVMInterface.java
org.apache.hadoop.fs.FSDataInputStreamJVMInterface	generated	ok	/home/shuai/xlab/upgrade_testing/hadoop-transform/hadoop-common-project/hadoop-common/src/main/java/org/apache/hadoop/fs/FSDataInputStreamJVMInterface.java
org.apache.hadoop.yarn.api.records.NMTokenJVMInterface	generated	ok	/home/shuai/xlab/upgrade_testing/hadoop-transform/hadoop-yarn-project/hadoop-yarn/hadoop-yarn-api/src/main/java/org/apache/hadoop/yarn/api/records/NMTokenJVMInterface.java
org.apache.hadoop.yarn.server.federation.store.records.GetSubClusterInfoRequestJVMInterface	generated	ok	/home/shuai/xlab/upgrade_testing/hadoop-transform/hadoop-yarn-project/hadoop-yarn/hadoop-yarn-server/hadoop-yarn-server-common/src/main/java/org/apache/hadoop/yarn/server/federation/store/records/GetSubClusterInfoRequestJVMInterface.java
org.apache.hadoop.yarn.server.nodemanager.NodeManagerJVMInterface	generated	ok	/home/shuai/xlab/upgrade_testing/hadoop-transform/hadoop-yarn-project/hadoop-yarn/hadoop-yarn-server/hadoop-yarn-server-nodemanager/src/main/java/org/apache/hadoop/yarn/server/nodemanager/NodeManagerJVMInterface.java
org.apache.hadoop.ipc.metrics.RpcDetailedMetricsJVMInterface	generated	ok	/home/shuai/xlab/upgrade_testing/hadoop-transform/hadoop-common-project/hadoop-common/src/main/java/org/apache/hadoop/ipc/metrics/RpcDetailedMetricsJVMInterface.java
org.apache.hadoop.conf.ConfiguredJVMInterface	generated	ok	/home/shuai/xlab/upgrade_testing/hadoop-transform/hadoop-common-project/hadoop-common/src/main/java/org/apache/hadoop/conf/ConfiguredJVMInterface.java
org.apache.hadoop.yarn.api.protocolrecords.GetNewReservationResponseJVMInterface	generated	ok	/home/shuai/xlab/upgrade_testing/hadoop-transform/hadoop-yarn-project/hadoop-yarn/hadoop-yarn-api/src/main/java/org/apache/hadoop/yarn/api/protocolrecords/GetNewReservationResponseJVMInterface.java
org.apache.hadoop.yarn.server.resourcemanager.rmnode.RMNodeEventJVMInterface	generated	ok	/home/shuai/xlab/upgrade_testing/hadoop-transform/hadoop-yarn-project/hadoop-yarn/hadoop-yarn-server/hadoop-yarn-server-resourcemanager/src/main/java/org/apache/hadoop/yarn/server/resourcemanager/rmnode/RMNodeEventJVMInterface.java
org.apache.hadoop.yarn.api.protocolrecords.ReservationSubmissionRequestJVMInterface	generated	ok	/home/shuai/xlab/upgrade_testing/hadoop-transform/hadoop-yarn-project/hadoop-yarn/hadoop-yarn-api/src/main/java/org/apache/hadoop/yarn/api/protocolrecords/ReservationSubmissionRequestJVMInterface.java
org.apache.hadoop.yarn.api.records.ApplicationAttemptIdJVMInterface	generated	ok	/home/shuai/xlab/upgrade_testing/hadoop-transform/hadoop-yarn-project/hadoop-yarn/hadoop-yarn-api/src/main/java/org/apache/hadoop/yarn/api/records/ApplicationAttemptIdJVMInterface.java
org.apache.hadoop.fs.permission.FsPermissionJVMInterface	generated	ok	/home/shuai/xlab/upgrade_testing/hadoop-transform/hadoop-common-project/hadoop-common/src/main/java/org/apache/hadoop/fs/permission/FsPermissionJVMInterface.java
org.apache.hadoop.fs.HasFileDescriptorJVMInterface	generated	ok	/home/shuai/xlab/upgrade_testing/hadoop-transform/hadoop-common-project/hadoop-common/src/main/java/org/apache/hadoop/fs/HasFileDescriptorJVMInterface.java
org.apache.hadoop.yarn.server.federation.store.records.SubClusterHeartbeatResponseJVMInterface	generated	ok	/home/shuai/xlab/upgrade_testing/hadoop-transform/hadoop-yarn-project/hadoop-yarn/hadoop-yarn-server/hadoop-yarn-server-common/src/main/java/org/apache/hadoop/yarn/server/federation/store/records/SubClusterHeartbeatResponseJVMInterface.java
org.apache.hadoop.yarn.server.resourcemanager.recovery.RMStateJVMInterface	skipped	inner-class-no-implementation	
org.apache.hadoop.yarn.server.resourcemanager.scheduler.ResourceSchedulerJVMInterface	skipped	interface	
org.apache.hadoop.yarn.server.resourcemanager.RMContextJVMInterface	skipped	interface	
org.apache.hadoop.yarn.api.records.ApplicationAccessTypeJVMInterface	skipped	enum	
org.apache.hadoop.util.curator.SafeTransactionJVMInterface	skipped	inner-class-no-implementation	
org.apache.hadoop.conf.IntegerRangesJVMInterface	skipped	inner-class-no-implementation	
org.apache.hadoop.yarn.server.api.protocolrecords.RegisterNodeManagerResponseJVMInterface	skipped	interface	
org.apache.hadoop.yarn.server.api.protocolrecords.NodeHeartbeatResponseJVMInterface	skipped	interface	
org.apache.hadoop.yarn.api.records.QueueACLJVMInterface	skipped	enum	
org.apache.hadoop.yarn.server.resourcemanager.rmapp.RMAppJVMInterface	skipped	interface	
org.apache.hadoop.service.ServiceStateChangeListenerJVMInterface	skipped	interface	
org.apache.hadoop.service.STATEJVMInterface	skipped	enum	
org.apache.hadoop.yarn.api.records.AMCommandJVMInterface	skipped	enum	
org.apache.hadoop.ipc.protobuf.RpcKindProtoJVMInterface	skipped	protobuf	
org.apache.hadoop.ipc.CallJVMInterface	skipped	inner-class-no-implementation	
org.apache.hadoop.ipc.RpcKindJVMInterface	skipped	enum	
org.apache.hadoop.yarn.api.records.FinalApplicationStatusJVMInterface	skipped	enum	
org.apache.hadoop.security.AuthenticationMethodJVMInterface	skipped	enum	
org.apache.hadoop.security.AuthMethodJVMInterface	skipped	enum	
org.apache.hadoop.yarn.server.api.records.MasterKeyJVMInterface	skipped	interface	
org.apache.hadoop.yarn.api.protocolrecords.ApplicationsRequestScopeJVMInterface	skipped	enum	
org.apache.hadoop.yarn.api.records.SignalContainerCommandJVMInterface	skipped	enum	
org.apache.hadoop.yarn.server.federation.store.records.SubClusterStateJVMInterface	skipped	enum	
org.apache.hadoop.fs.PathFilterJVMInterface	skipped	interface	
org.apache.hadoop.util.ProgressableJVMInterface	skipped	interface	
org.apache.hadoop.fs.ChecksumOptJVMInterface	skipped	inner-class-no-implementation	
org.apache.hadoop.fs.BlockStoragePolicySpiJVMInterface	skipped	interface	
org.apache.hadoop.fs.RemoteIteratorJVMInterface	skipped	interface	
org.apache.hadoop.fs.permission.FsActionJVMInterface	skipped	enum	
org.apache.hadoop.yarn.api.records.QueueStateJVMInterface	skipped	enum	
org.apache.hadoop.yarn.api.records.YarnApplicationStateJVMInterface	skipped	enum	
org.apache.hadoop.yarn.api.records.LogAggregationStatusJVMInterface	skipped	enum	
org.apache.hadoop.yarn.api.records.YarnApplicationAttemptStateJVMInterface	skipped	enum	
org.apache.hadoop.yarn.api.records.ContainerStateJVMInterface	skipped	enum	
org.apache.hadoop.yarn.api.records.ExecutionTypeJVMInterface	skipped	enum	
org.apache.hadoop.fs.StorageTypeJVMInterface	skipped	enum	
org.apache.hadoop.util.TypeJVMInterface	skipped	enum	
org.apache.hadoop.io.ByteBufferPoolJVMInterface	skipped	interface	
org.apache.hadoop.yarn.api.records.ReservationRequestInterpreterJVMInterface	skipped	enum	
org.apache.hadoop.fs.permission.AclEntryScopeJVMInterface	skipped	enum	
org.apache.hadoop.fs.permission.AclEntryTypeJVMInterface	skipped	enum	
org.apache.hadoop.yarn.api.records.ContainerRetryPolicyJVMInterface	skipped	enum	
org.apache.hadoop.metrics2.MetricsCollectorJVMInterface	skipped	interface	
org.apache.hadoop.metrics2.MetricsVisitorJVMInterface	skipped	interface	
org.apache.hadoop.metrics2.MetricTypeJVMInterface	skipped	enum	
org.apache.hadoop.yarn.server.nodemanager.NodeStatusUpdaterJVMInterface	skipped	interface	
org.apache.hadoop.yarn.server.nodemanager.DirsChangeListenerJVMInterface	skipped	interface	
org.apache.hadoop.yarn.server.nodemanager.containermanager.ContainerManagerJVMInterface	skipped	interface	
org.apache.hadoop.yarn.server.nodemanager.NodeResourceMonitorJVMInterface	skipped	interface	
org.apache.hadoop.yarn.server.nodemanager.containermanager.container.ContainerJVMInterface	skipped	interface	
org.apache.hadoop.yarn.proto.ContainerManagerApplicationProtoJVMInterface	skipped	protobuf	
org.apache.hadoop.yarn.proto.DeletionServiceDeleteTaskProtoJVMInterface	skipped	protobuf	
org.apache.hadoop.yarn.server.nodemanager.recovery.RecoveredNMTokensStateJVMInterface	skipped	inner-class-no-implementation	
org.apache.hadoop.yarn.proto.LogDeleterProtoJVMInterface	skipped	protobuf	
org.apache.hadoop.yarn.server.nodemanager.recovery.RecoveredContainerTokensStateJVMInterface	skipped	inner-class-no-implementation	
org.apache.hadoop.yarn.server.nodemanager.recovery.RecoveredApplicationsStateJVMInterface	skipped	inner-class-no-implementation	
org.apache.hadoop.yarn.server.nodemanager.recovery.RecoveredAMRMProxyStateJVMInterface	skipped	inner-class-no-implementation	
org.apache.hadoop.yarn.proto.LocalizedResourceProtoJVMInterface	skipped	protobuf	
org.apache.hadoop.yarn.server.nodemanager.recovery.RecoveredLogDeleterStateJVMInterface	skipped	inner-class-no-implementation	
org.apache.hadoop.yarn.server.nodemanager.recovery.RecoveredLocalizationStateJVMInterface	skipped	inner-class-no-implementation	
org.apache.hadoop.yarn.proto.LocalResourceProtoJVMInterface	skipped	protobuf	
org.apache.hadoop.yarn.server.nodemanager.recovery.RecoveredDeletionServiceStateJVMInterface	skipped	inner-class-no-implementation	
org.apache.hadoop.yarn.server.scheduler.PartitionedResourceRequestsJVMInterface	skipped	inner-class-no-implementation	
org.apache.hadoop.yarn.server.nodemanager.SignalJVMInterface	skipped	enum	
org.apache.hadoop.yarn.proto.ContainerTokenIdentifierProtoJVMInterface	skipped	protobuf	
org.apache.hadoop.yarn.server.api.ContainerTypeJVMInterface	skipped	enum	
org.apache.hadoop.yarn.server.scheduler.AllocationParamsJVMInterface	skipped	inner-class-no-implementation	
org.apache.hadoop.yarn.server.scheduler.ContainerIdGeneratorJVMInterface	skipped	inner-class-no-implementation	
org.apache.hadoop.yarn.proto.NMTokenIdentifierProtoJVMInterface	skipped	protobuf	
