interfaceFqn,originalClassFile,outcome,bridgesAdded,reason
org.apache.hadoop.yarn.api.protocolrecords.MoveApplicationAcrossQueuesRequestJVMInterface,/home/shuai/xlab/upgrade_testing/hadoop-transform/hadoop-yarn-project/hadoop-yarn/hadoop-yarn-api/src/main/java/org/apache/hadoop/yarn/api/protocolrecords/MoveApplicationAcrossQueuesRequest.java,implemented,0,
org.apache.hadoop.yarn.api.protocolrecords.GetNewReservationRequestJVMInterface,/home/shuai/xlab/upgrade_testing/hadoop-transform/hadoop-yarn-project/hadoop-yarn/hadoop-yarn-api/src/main/java/org/apache/hadoop/yarn/api/protocolrecords/GetNewReservationRequest.java,implemented,0,
org.apache.hadoop.yarn.api.protocolrecords.GetDelegationTokenResponseJVMInterface,/home/shuai/xlab/upgrade_testing/hadoop-transform/hadoop-yarn-project/hadoop-yarn/hadoop-yarn-api/src/main/java/org/apache/hadoop/yarn/api/protocolrecords/GetDelegationTokenResponse.java,implemented,0,
org.apache.hadoop.yarn.api.protocolrecords.UpdateApplicationTimeoutsResponseJVMInterface,/home/shuai/xlab/upgrade_testing/hadoop-transform/hadoop-yarn-project/hadoop-yarn/hadoop-yarn-api/src/main/java/org/apache/hadoop/yarn/api/protocolrecords/UpdateApplicationTimeoutsResponse.java,implemented,0,
org.apache.hadoop.yarn.api.protocolrecords.ReservationDeleteResponseJVMInterface,/home/shuai/xlab/upgrade_testing/hadoop-transform/hadoop-yarn-project/hadoop-yarn/hadoop-yarn-api/src/main/java/org/apache/hadoop/yarn/api/protocolrecords/ReservationDeleteResponse.java,implemented,0,
org.apache.hadoop.yarn.api.protocolrecords.MoveApplicationAcrossQueuesResponseJVMInterface,/home/shuai/xlab/upgrade_testing/hadoop-transform/hadoop-yarn-project/hadoop-yarn/hadoop-yarn-api/src/main/java/org/apache/hadoop/yarn/api/protocolrecords/MoveApplicationAcrossQueuesResponse.java,implemented,0,
org.apache.hadoop.yarn.api.protocolrecords.GetApplicationAttemptReportResponseJVMInterface,/home/shuai/xlab/upgrade_testing/hadoop-transform/hadoop-yarn-project/hadoop-yarn/hadoop-yarn-api/src/main/java/org/apache/hadoop/yarn/api/protocolrecords/GetApplicationAttemptReportResponse.java,implemented,0,
org.apache.hadoop.yarn.api.protocolrecords.RegisterApplicationMasterRequestJVMInterface,/home/shuai/xlab/upgrade_testing/hadoop-transform/hadoop-yarn-project/hadoop-yarn/hadoop-yarn-api/src/main/java/org/apache/hadoop/yarn/api/protocolrecords/RegisterApplicationMasterRequest.java,implemented,0,
org.apache.hadoop.yarn.api.protocolrecords.FailApplicationAttemptResponseJVMInterface,/home/shuai/xlab/upgrade_testing/hadoop-transform/hadoop-yarn-project/hadoop-yarn/hadoop-yarn-api/src/main/java/org/apache/hadoop/yarn/api/protocolrecords/FailApplicationAttemptResponse.java,implemented,0,
org.apache.hadoop.yarn.api.protocolrecords.UpdateApplicationPriorityResponseJVMInterface,/home/shuai/xlab/upgrade_testing/hadoop-transform/hadoop-yarn-project/hadoop-yarn/hadoop-yarn-api/src/main/java/org/apache/hadoop/yarn/api/protocolrecords/UpdateApplicationPriorityResponse.java,implemented,0,
org.apache.hadoop.yarn.api.protocolrecords.GetClusterMetricsResponseJVMInterface,/home/shuai/xlab/upgrade_testing/hadoop-transform/hadoop-yarn-project/hadoop-yarn/hadoop-yarn-api/src/main/java/org/apache/hadoop/yarn/api/protocolrecords/GetClusterMetricsResponse.java,implemented,0,
org.apache.hadoop.yarn.api.protocolrecords.UpdateApplicationPriorityRequestJVMInterface,/home/shuai/xlab/upgrade_testing/hadoop-transform/hadoop-yarn-project/hadoop-yarn/hadoop-yarn-api/src/main/java/org/apache/hadoop/yarn/api/protocolrecords/UpdateApplicationPriorityRequest.java,implemented,0,
org.apache.hadoop.yarn.api.protocolrecords.SubmitApplicationResponseJVMInterface,/home/shuai/xlab/upgrade_testing/hadoop-transform/hadoop-yarn-project/hadoop-yarn/hadoop-yarn-api/src/main/java/org/apache/hadoop/yarn/api/protocolrecords/SubmitApplicationResponse.java,implemented,0,
org.apache.hadoop.yarn.api.protocolrecords.GetApplicationReportResponseJVMInterface,/home/shuai/xlab/upgrade_testing/hadoop-transform/hadoop-yarn-project/hadoop-yarn/hadoop-yarn-api/src/main/java/org/apache/hadoop/yarn/api/protocolrecords/GetApplicationReportResponse.java,implemented,0,
org.apache.hadoop.yarn.api.protocolrecords.GetContainersRequestJVMInterface,/home/shuai/xlab/upgrade_testing/hadoop-transform/hadoop-yarn-project/hadoop-yarn/hadoop-yarn-api/src/main/java/org/apache/hadoop/yarn/api/protocolrecords/GetContainersRequest.java,implemented,0,
org.apache.hadoop.yarn.api.protocolrecords.ReservationUpdateRequestJVMInterface,/home/shuai/xlab/upgrade_testing/hadoop-transform/hadoop-yarn-project/hadoop-yarn/hadoop-yarn-api/src/main/java/org/apache/hadoop/yarn/api/protocolrecords/ReservationUpdateRequest.java,implemented,0,
org.apache.hadoop.yarn.api.protocolrecords.RegisterApplicationMasterResponseJVMInterface,/home/shuai/xlab/upgrade_testing/hadoop-transform/hadoop-yarn-project/hadoop-yarn/hadoop-yarn-api/src/main/java/org/apache/hadoop/yarn/api/protocolrecords/RegisterApplicationMasterResponse.java,implemented,0,
org.apache.hadoop.yarn.api.protocolrecords.GetClusterMetricsRequestJVMInterface,/home/shuai/xlab/upgrade_testing/hadoop-transform/hadoop-yarn-project/hadoop-yarn/hadoop-yarn-api/src/main/java/org/apache/hadoop/yarn/api/protocolrecords/GetClusterMetricsRequest.java,implemented,0,
org.apache.hadoop.yarn.api.protocolrecords.ReservationListResponseJVMInterface,/home/shuai/xlab/upgrade_testing/hadoop-transform/hadoop-yarn-project/hadoop-yarn/hadoop-yarn-api/src/main/java/org/apache/hadoop/yarn/api/protocolrecords/ReservationListResponse.java,implemented,0,
org.apache.hadoop.yarn.api.protocolrecords.SubmitApplicationRequestJVMInterface,/home/shuai/xlab/upgrade_testing/hadoop-transform/hadoop-yarn-project/hadoop-yarn/hadoop-yarn-api/src/main/java/org/apache/hadoop/yarn/api/protocolrecords/SubmitApplicationRequest.java,implemented,0,
org.apache.hadoop.yarn.api.protocolrecords.GetClusterNodeLabelsRequestJVMInterface,/home/shuai/xlab/upgrade_testing/hadoop-transform/hadoop-yarn-project/hadoop-yarn/hadoop-yarn-api/src/main/java/org/apache/hadoop/yarn/api/protocolrecords/GetClusterNodeLabelsRequest.java,implemented,0,
org.apache.hadoop.yarn.api.protocolrecords.SignalContainerResponseJVMInterface,/home/shuai/xlab/upgrade_testing/hadoop-transform/hadoop-yarn-project/hadoop-yarn/hadoop-yarn-api/src/main/java/org/apache/hadoop/yarn/api/protocolrecords/SignalContainerResponse.java,implemented,0,
org.apache.hadoop.yarn.api.protocolrecords.ReservationSubmissionResponseJVMInterface,/home/shuai/xlab/upgrade_testing/hadoop-transform/hadoop-yarn-project/hadoop-yarn/hadoop-yarn-api/src/main/java/org/apache/hadoop/yarn/api/protocolrecords/ReservationSubmissionResponse.java,implemented,0,
org.apache.hadoop.yarn.api.protocolrecords.GetApplicationAttemptReportRequestJVMInterface,/home/shuai/xlab/upgrade_testing/hadoop-transform/hadoop-yarn-project/hadoop-yarn/hadoop-yarn-api/src/main/java/org/apache/hadoop/yarn/api/protocolrecords/GetApplicationAttemptReportRequest.java,implemented,0,
org.apache.hadoop.yarn.api.protocolrecords.KillApplicationResponseJVMInterface,/home/shuai/xlab/upgrade_testing/hadoop-transform/hadoop-yarn-project/hadoop-yarn/hadoop-yarn-api/src/main/java/org/apache/hadoop/yarn/api/protocolrecords/KillApplicationResponse.java,implemented,0,
org.apache.hadoop.yarn.api.protocolrecords.CancelDelegationTokenRequestJVMInterface,/home/shuai/xlab/upgrade_testing/hadoop-transform/hadoop-yarn-project/hadoop-yarn/hadoop-yarn-api/src/main/java/org/apache/hadoop/yarn/api/protocolrecords/CancelDelegationTokenRequest.java,implemented,0,
org.apache.hadoop.yarn.api.protocolrecords.GetApplicationsRequestJVMInterface,/home/shuai/xlab/upgrade_testing/hadoop-transform/hadoop-yarn-project/hadoop-yarn/hadoop-yarn-api/src/main/java/org/apache/hadoop/yarn/api/protocolrecords/GetApplicationsRequest.java,implemented,0,
org.apache.hadoop.yarn.api.protocolrecords.GetContainersResponseJVMInterface,/home/shuai/xlab/upgrade_testing/hadoop-transform/hadoop-yarn-project/hadoop-yarn/hadoop-yarn-api/src/main/java/org/apache/hadoop/yarn/api/protocolrecords/GetContainersResponse.java,implemented,0,
org.apache.hadoop.yarn.api.protocolrecords.GetClusterNodeLabelsResponseJVMInterface,/home/shuai/xlab/upgrade_testing/hadoop-transform/hadoop-yarn-project/hadoop-yarn/hadoop-yarn-api/src/main/java/org/apache/hadoop/yarn/api/protocolrecords/GetClusterNodeLabelsResponse.java,implemented,0,
org.apache.hadoop.yarn.api.protocolrecords.GetQueueInfoResponseJVMInterface,/home/shuai/xlab/upgrade_testing/hadoop-transform/hadoop-yarn-project/hadoop-yarn/hadoop-yarn-api/src/main/java/org/apache/hadoop/yarn/api/protocolrecords/GetQueueInfoResponse.java,implemented,0,
org.apache.hadoop.yarn.api.protocolrecords.GetClusterNodesResponseJVMInterface,/home/shuai/xlab/upgrade_testing/hadoop-transform/hadoop-yarn-project/hadoop-yarn/hadoop-yarn-api/src/main/java/org/apache/hadoop/yarn/api/protocolrecords/GetClusterNodesResponse.java,implemented,0,
org.apache.hadoop.yarn.api.protocolrecords.GetContainerReportResponseJVMInterface,/home/shuai/xlab/upgrade_testing/hadoop-transform/hadoop-yarn-project/hadoop-yarn/hadoop-yarn-api/src/main/java/org/apache/hadoop/yarn/api/protocolrecords/GetContainerReportResponse.java,implemented,0,
org.apache.hadoop.yarn.api.protocolrecords.GetContainerReportRequestJVMInterface,/home/shuai/xlab/upgrade_testing/hadoop-transform/hadoop-yarn-project/hadoop-yarn/hadoop-yarn-api/src/main/java/org/apache/hadoop/yarn/api/protocolrecords/GetContainerReportRequest.java,implemented,0,
org.apache.hadoop.yarn.api.protocolrecords.ReservationUpdateResponseJVMInterface,/home/shuai/xlab/upgrade_testing/hadoop-transform/hadoop-yarn-project/hadoop-yarn/hadoop-yarn-api/src/main/java/org/apache/hadoop/yarn/api/protocolrecords/ReservationUpdateResponse.java,implemented,0,
org.apache.hadoop.yarn.api.protocolrecords.GetNodesToLabelsResponseJVMInterface,/home/shuai/xlab/upgrade_testing/hadoop-transform/hadoop-yarn-project/hadoop-yarn/hadoop-yarn-api/src/main/java/org/apache/hadoop/yarn/api/protocolrecords/GetNodesToLabelsResponse.java,implemented,0,
org.apache.hadoop.yarn.api.protocolrecords.RenewDelegationTokenRequestJVMInterface,/home/shuai/xlab/upgrade_testing/hadoop-transform/hadoop-yarn-project/hadoop-yarn/hadoop-yarn-api/src/main/java/org/apache/hadoop/yarn/api/protocolrecords/RenewDelegationTokenRequest.java,implemented,0,
org.apache.hadoop.yarn.api.protocolrecords.KillApplicationRequestJVMInterface,/home/shuai/xlab/upgrade_testing/hadoop-transform/hadoop-yarn-project/hadoop-yarn/hadoop-yarn-api/src/main/java/org/apache/hadoop/yarn/api/protocolrecords/KillApplicationRequest.java,implemented,0,
org.apache.hadoop.yarn.api.protocolrecords.ReservationDeleteRequestJVMInterface,/home/shuai/xlab/upgrade_testing/hadoop-transform/hadoop-yarn-project/hadoop-yarn/hadoop-yarn-api/src/main/java/org/apache/hadoop/yarn/api/protocolrecords/ReservationDeleteRequest.java,implemented,0,
org.apache.hadoop.yarn.api.protocolrecords.AllocateRequestJVMInterface,/home/shuai/xlab/upgrade_testing/hadoop-transform/hadoop-yarn-project/hadoop-yarn/hadoop-yarn-api/src/main/java/org/apache/hadoop/yarn/api/protocolrecords/AllocateRequest.java,implemented,0,
org.apache.hadoop.yarn.api.protocolrecords.GetLabelsToNodesRequestJVMInterface,/home/shuai/xlab/upgrade_testing/hadoop-transform/hadoop-yarn-project/hadoop-yarn/hadoop-yarn-api/src/main/java/org/apache/hadoop/yarn/api/protocolrecords/GetLabelsToNodesRequest.java,implemented,0,
org.apache.hadoop.yarn.api.protocolrecords.GetQueueInfoRequestJVMInterface,/home/shuai/xlab/upgrade_testing/hadoop-transform/hadoop-yarn-project/hadoop-yarn/hadoop-yarn-api/src/main/java/org/apache/hadoop/yarn/api/protocolrecords/GetQueueInfoRequest.java,implemented,0,
org.apache.hadoop.yarn.api.protocolrecords.ReservationSubmissionRequestJVMInterface,/home/shuai/xlab/upgrade_testing/hadoop-transform/hadoop-yarn-project/hadoop-yarn/hadoop-yarn-api/src/main/java/org/apache/hadoop/yarn/api/protocolrecords/ReservationSubmissionRequest.java,implemented,0,
org.apache.hadoop.yarn.api.protocolrecords.RenewDelegationTokenResponseJVMInterface,/home/shuai/xlab/upgrade_testing/hadoop-transform/hadoop-yarn-project/hadoop-yarn/hadoop-yarn-api/src/main/java/org/apache/hadoop/yarn/api/protocolrecords/RenewDelegationTokenResponse.java,implemented,0,
org.apache.hadoop.yarn.api.protocolrecords.UpdateApplicationTimeoutsRequestJVMInterface,/home/shuai/xlab/upgrade_testing/hadoop-transform/hadoop-yarn-project/hadoop-yarn/hadoop-yarn-api/src/main/java/org/apache/hadoop/yarn/api/protocolrecords/UpdateApplicationTimeoutsRequest.java,implemented,0,
org.apache.hadoop.yarn.api.protocolrecords.GetClusterNodesRequestJVMInterface,/home/shuai/xlab/upgrade_testing/hadoop-transform/hadoop-yarn-project/hadoop-yarn/hadoop-yarn-api/src/main/java/org/apache/hadoop/yarn/api/protocolrecords/GetClusterNodesRequest.java,implemented,0,
org.apache.hadoop.yarn.api.protocolrecords.ReservationListRequestJVMInterface,/home/shuai/xlab/upgrade_testing/hadoop-transform/hadoop-yarn-project/hadoop-yarn/hadoop-yarn-api/src/main/java/org/apache/hadoop/yarn/api/protocolrecords/ReservationListRequest.java,implemented,0,
org.apache.hadoop.yarn.api.protocolrecords.GetQueueUserAclsInfoResponseJVMInterface,/home/shuai/xlab/upgrade_testing/hadoop-transform/hadoop-yarn-project/hadoop-yarn/hadoop-yarn-api/src/main/java/org/apache/hadoop/yarn/api/protocolrecords/GetQueueUserAclsInfoResponse.java,implemented,0,
org.apache.hadoop.yarn.api.protocolrecords.FinishApplicationMasterResponseJVMInterface,/home/shuai/xlab/upgrade_testing/hadoop-transform/hadoop-yarn-project/hadoop-yarn/hadoop-yarn-api/src/main/java/org/apache/hadoop/yarn/api/protocolrecords/FinishApplicationMasterResponse.java,implemented,0,
org.apache.hadoop.yarn.api.protocolrecords.CancelDelegationTokenResponseJVMInterface,/home/shuai/xlab/upgrade_testing/hadoop-transform/hadoop-yarn-project/hadoop-yarn/hadoop-yarn-api/src/main/java/org/apache/hadoop/yarn/api/protocolrecords/CancelDelegationTokenResponse.java,implemented,0,
org.apache.hadoop.yarn.api.protocolrecords.StartContainerRequestJVMInterface,/home/shuai/xlab/upgrade_testing/hadoop-transform/hadoop-yarn-project/hadoop-yarn/hadoop-yarn-api/src/main/java/org/apache/hadoop/yarn/api/protocolrecords/StartContainerRequest.java,implemented,0,
org.apache.hadoop.yarn.api.protocolrecords.AllocateResponseJVMInterface,/home/shuai/xlab/upgrade_testing/hadoop-transform/hadoop-yarn-project/hadoop-yarn/hadoop-yarn-api/src/main/java/org/apache/hadoop/yarn/api/protocolrecords/AllocateResponse.java,implemented,0,
org.apache.hadoop.yarn.api.protocolrecords.GetApplicationsResponseJVMInterface,/home/shuai/xlab/upgrade_testing/hadoop-transform/hadoop-yarn-project/hadoop-yarn/hadoop-yarn-api/src/main/java/org/apache/hadoop/yarn/api/protocolrecords/GetApplicationsResponse.java,implemented,0,
org.apache.hadoop.yarn.api.protocolrecords.GetDelegationTokenRequestJVMInterface,/home/shuai/xlab/upgrade_testing/hadoop-transform/hadoop-yarn-project/hadoop-yarn/hadoop-yarn-api/src/main/java/org/apache/hadoop/yarn/api/protocolrecords/GetDelegationTokenRequest.java,implemented,0,
org.apache.hadoop.yarn.api.protocolrecords.GetApplicationReportRequestJVMInterface,/home/shuai/xlab/upgrade_testing/hadoop-transform/hadoop-yarn-project/hadoop-yarn/hadoop-yarn-api/src/main/java/org/apache/hadoop/yarn/api/protocolrecords/GetApplicationReportRequest.java,implemented,0,
org.apache.hadoop.yarn.api.protocolrecords.FailApplicationAttemptRequestJVMInterface,/home/shuai/xlab/upgrade_testing/hadoop-transform/hadoop-yarn-project/hadoop-yarn/hadoop-yarn-api/src/main/java/org/apache/hadoop/yarn/api/protocolrecords/FailApplicationAttemptRequest.java,implemented,0,
org.apache.hadoop.yarn.api.protocolrecords.FinishApplicationMasterRequestJVMInterface,/home/shuai/xlab/upgrade_testing/hadoop-transform/hadoop-yarn-project/hadoop-yarn/hadoop-yarn-api/src/main/java/org/apache/hadoop/yarn/api/protocolrecords/FinishApplicationMasterRequest.java,implemented,0,
org.apache.hadoop.yarn.api.protocolrecords.GetNewApplicationRequestJVMInterface,/home/shuai/xlab/upgrade_testing/hadoop-transform/hadoop-yarn-project/hadoop-yarn/hadoop-yarn-api/src/main/java/org/apache/hadoop/yarn/api/protocolrecords/GetNewApplicationRequest.java,implemented,0,
org.apache.hadoop.yarn.api.protocolrecords.SignalContainerRequestJVMInterface,/home/shuai/xlab/upgrade_testing/hadoop-transform/hadoop-yarn-project/hadoop-yarn/hadoop-yarn-api/src/main/java/org/apache/hadoop/yarn/api/protocolrecords/SignalContainerRequest.java,implemented,0,
org.apache.hadoop.yarn.api.protocolrecords.GetApplicationAttemptsRequestJVMInterface,/home/shuai/xlab/upgrade_testing/hadoop-transform/hadoop-yarn-project/hadoop-yarn/hadoop-yarn-api/src/main/java/org/apache/hadoop/yarn/api/protocolrecords/GetApplicationAttemptsRequest.java,implemented,0,
org.apache.hadoop.yarn.api.protocolrecords.GetAllResourceTypeInfoResponseJVMInterface,/home/shuai/xlab/upgrade_testing/hadoop-transform/hadoop-yarn-project/hadoop-yarn/hadoop-yarn-api/src/main/java/org/apache/hadoop/yarn/api/protocolrecords/GetAllResourceTypeInfoResponse.java,implemented,0,
org.apache.hadoop.yarn.api.protocolrecords.GetQueueUserAclsInfoRequestJVMInterface,/home/shuai/xlab/upgrade_testing/hadoop-transform/hadoop-yarn-project/hadoop-yarn/hadoop-yarn-api/src/main/java/org/apache/hadoop/yarn/api/protocolrecords/GetQueueUserAclsInfoRequest.java,implemented,0,
org.apache.hadoop.yarn.api.protocolrecords.GetAllResourceTypeInfoRequestJVMInterface,/home/shuai/xlab/upgrade_testing/hadoop-transform/hadoop-yarn-project/hadoop-yarn/hadoop-yarn-api/src/main/java/org/apache/hadoop/yarn/api/protocolrecords/GetAllResourceTypeInfoRequest.java,implemented,0,
org.apache.hadoop.yarn.api.protocolrecords.GetNodesToLabelsRequestJVMInterface,/home/shuai/xlab/upgrade_testing/hadoop-transform/hadoop-yarn-project/hadoop-yarn/hadoop-yarn-api/src/main/java/org/apache/hadoop/yarn/api/protocolrecords/GetNodesToLabelsRequest.java,implemented,0,
org.apache.hadoop.yarn.api.protocolrecords.GetNewReservationResponseJVMInterface,/home/shuai/xlab/upgrade_testing/hadoop-transform/hadoop-yarn-project/hadoop-yarn/hadoop-yarn-api/src/main/java/org/apache/hadoop/yarn/api/protocolrecords/GetNewReservationResponse.java,implemented,0,
org.apache.hadoop.yarn.api.protocolrecords.GetNewApplicationResponseJVMInterface,/home/shuai/xlab/upgrade_testing/hadoop-transform/hadoop-yarn-project/hadoop-yarn/hadoop-yarn-api/src/main/java/org/apache/hadoop/yarn/api/protocolrecords/GetNewApplicationResponse.java,implemented,0,
org.apache.hadoop.yarn.api.protocolrecords.GetApplicationAttemptsResponseJVMInterface,/home/shuai/xlab/upgrade_testing/hadoop-transform/hadoop-yarn-project/hadoop-yarn/hadoop-yarn-api/src/main/java/org/apache/hadoop/yarn/api/protocolrecords/GetApplicationAttemptsResponse.java,implemented,0,
org.apache.hadoop.yarn.api.protocolrecords.GetLabelsToNodesResponseJVMInterface,/home/shuai/xlab/upgrade_testing/hadoop-transform/hadoop-yarn-project/hadoop-yarn/hadoop-yarn-api/src/main/java/org/apache/hadoop/yarn/api/protocolrecords/GetLabelsToNodesResponse.java,implemented,0,
org.apache.hadoop.yarn.api.records.ApplicationIdJVMInterface,/home/shuai/xlab/upgrade_testing/hadoop-transform/hadoop-yarn-project/hadoop-yarn/hadoop-yarn-api/src/main/java/org/apache/hadoop/yarn/api/records/ApplicationId.java,implemented,0,
org.apache.hadoop.yarn.api.records.QueueStatisticsJVMInterface,/home/shuai/xlab/upgrade_testing/hadoop-transform/hadoop-yarn-project/hadoop-yarn/hadoop-yarn-api/src/main/java/org/apache/hadoop/yarn/api/records/QueueStatistics.java,implemented,0,
org.apache.hadoop.yarn.api.records.ContainerIdJVMInterface,/home/shuai/xlab/upgrade_testing/hadoop-transform/hadoop-yarn-project/hadoop-yarn/hadoop-yarn-api/src/main/java/org/apache/hadoop/yarn/api/records/ContainerId.java,implemented,0,
org.apache.hadoop.yarn.api.records.ReservationRequestsJVMInterface,/home/shuai/xlab/upgrade_testing/hadoop-transform/hadoop-yarn-project/hadoop-yarn/hadoop-yarn-api/src/main/java/org/apache/hadoop/yarn/api/records/ReservationRequests.java,implemented,0,
org.apache.hadoop.yarn.api.records.YarnClusterMetricsJVMInterface,/home/shuai/xlab/upgrade_testing/hadoop-transform/hadoop-yarn-project/hadoop-yarn/hadoop-yarn-api/src/main/java/org/apache/hadoop/yarn/api/records/YarnClusterMetrics.java,implemented,0,
org.apache.hadoop.yarn.api.records.NodeIdJVMInterface,/home/shuai/xlab/upgrade_testing/hadoop-transform/hadoop-yarn-project/hadoop-yarn/hadoop-yarn-api/src/main/java/org/apache/hadoop/yarn/api/records/NodeId.java,implemented,0,
org.apache.hadoop.yarn.api.records.ApplicationReportJVMInterface,/home/shuai/xlab/upgrade_testing/hadoop-transform/hadoop-yarn-project/hadoop-yarn/hadoop-yarn-api/src/main/java/org/apache/hadoop/yarn/api/records/ApplicationReport.java,implemented,0,
org.apache.hadoop.yarn.api.records.CollectorInfoJVMInterface,/home/shuai/xlab/upgrade_testing/hadoop-transform/hadoop-yarn-project/hadoop-yarn/hadoop-yarn-api/src/main/java/org/apache/hadoop/yarn/api/records/CollectorInfo.java,implemented,0,
org.apache.hadoop.yarn.api.records.ResourceRequestJVMInterface,/home/shuai/xlab/upgrade_testing/hadoop-transform/hadoop-yarn-project/hadoop-yarn/hadoop-yarn-api/src/main/java/org/apache/hadoop/yarn/api/records/ResourceRequest.java,implemented,0,
org.apache.hadoop.yarn.api.records.ResourceBlacklistRequestJVMInterface,/home/shuai/xlab/upgrade_testing/hadoop-transform/hadoop-yarn-project/hadoop-yarn/hadoop-yarn-api/src/main/java/org/apache/hadoop/yarn/api/records/ResourceBlacklistRequest.java,implemented,0,
org.apache.hadoop.yarn.api.records.ResourceJVMInterface,/home/shuai/xlab/upgrade_testing/hadoop-transform/hadoop-yarn-project/hadoop-yarn/hadoop-yarn-api/src/main/java/org/apache/hadoop/yarn/api/records/Resource.java,implemented,0,
org.apache.hadoop.yarn.api.records.ApplicationSubmissionContextJVMInterface,/home/shuai/xlab/upgrade_testing/hadoop-transform/hadoop-yarn-project/hadoop-yarn/hadoop-yarn-api/src/main/java/org/apache/hadoop/yarn/api/records/ApplicationSubmissionContext.java,implemented,0,
org.apache.hadoop.yarn.api.records.ContainerRetryContextJVMInterface,/home/shuai/xlab/upgrade_testing/hadoop-transform/hadoop-yarn-project/hadoop-yarn/hadoop-yarn-api/src/main/java/org/apache/hadoop/yarn/api/records/ContainerRetryContext.java,implemented,0,
org.apache.hadoop.yarn.api.records.ContainerLaunchContextJVMInterface,/home/shuai/xlab/upgrade_testing/hadoop-transform/hadoop-yarn-project/hadoop-yarn/hadoop-yarn-api/src/main/java/org/apache/hadoop/yarn/api/records/ContainerLaunchContext.java,implemented,0,
org.apache.hadoop.yarn.api.records.ContainerJVMInterface,/home/shuai/xlab/upgrade_testing/hadoop-transform/hadoop-yarn-project/hadoop-yarn/hadoop-yarn-api/src/main/java/org/apache/hadoop/yarn/api/records/Container.java,implemented,0,
org.apache.hadoop.yarn.api.records.TokenJVMInterface,/home/shuai/xlab/upgrade_testing/hadoop-transform/hadoop-yarn-project/hadoop-yarn/hadoop-yarn-api/src/main/java/org/apache/hadoop/yarn/api/records/Token.java,implemented,0,
org.apache.hadoop.yarn.api.records.ExecutionTypeRequestJVMInterface,/home/shuai/xlab/upgrade_testing/hadoop-transform/hadoop-yarn-project/hadoop-yarn/hadoop-yarn-api/src/main/java/org/apache/hadoop/yarn/api/records/ExecutionTypeRequest.java,implemented,0,
org.apache.hadoop.yarn.api.records.ResourceInformationJVMInterface,/home/shuai/xlab/upgrade_testing/hadoop-transform/hadoop-yarn-project/hadoop-yarn/hadoop-yarn-api/src/main/java/org/apache/hadoop/yarn/api/records/ResourceInformation.java,implemented,0,
org.apache.hadoop.yarn.api.records.ApplicationAttemptIdJVMInterface,/home/shuai/xlab/upgrade_testing/hadoop-transform/hadoop-yarn-project/hadoop-yarn/hadoop-yarn-api/src/main/java/org/apache/hadoop/yarn/api/records/ApplicationAttemptId.java,implemented,0,
org.apache.hadoop.yarn.api.records.LogAggregationContextJVMInterface,/home/shuai/xlab/upgrade_testing/hadoop-transform/hadoop-yarn-project/hadoop-yarn/hadoop-yarn-api/src/main/java/org/apache/hadoop/yarn/api/records/LogAggregationContext.java,implemented,0,
org.apache.hadoop.yarn.api.records.ReservationDefinitionJVMInterface,/home/shuai/xlab/upgrade_testing/hadoop-transform/hadoop-yarn-project/hadoop-yarn/hadoop-yarn-api/src/main/java/org/apache/hadoop/yarn/api/records/ReservationDefinition.java,implemented,0,
org.apache.hadoop.yarn.api.records.ApplicationResourceUsageReportJVMInterface,/home/shuai/xlab/upgrade_testing/hadoop-transform/hadoop-yarn-project/hadoop-yarn/hadoop-yarn-api/src/main/java/org/apache/hadoop/yarn/api/records/ApplicationResourceUsageReport.java,implemented,0,
org.apache.hadoop.yarn.api.records.QueueInfoJVMInterface,/home/shuai/xlab/upgrade_testing/hadoop-transform/hadoop-yarn-project/hadoop-yarn/hadoop-yarn-api/src/main/java/org/apache/hadoop/yarn/api/records/QueueInfo.java,implemented,0,
org.apache.hadoop.yarn.api.records.StrictPreemptionContractJVMInterface,/home/shuai/xlab/upgrade_testing/hadoop-transform/hadoop-yarn-project/hadoop-yarn/hadoop-yarn-api/src/main/java/org/apache/hadoop/yarn/api/records/StrictPreemptionContract.java,implemented,0,
org.apache.hadoop.yarn.api.records.ReservationIdJVMInterface,/home/shuai/xlab/upgrade_testing/hadoop-transform/hadoop-yarn-project/hadoop-yarn/hadoop-yarn-api/src/main/java/org/apache/hadoop/yarn/api/records/ReservationId.java,implemented,0,
org.apache.hadoop.yarn.api.records.NMTokenJVMInterface,/home/shuai/xlab/upgrade_testing/hadoop-transform/hadoop-yarn-project/hadoop-yarn/hadoop-yarn-api/src/main/java/org/apache/hadoop/yarn/api/records/NMToken.java,implemented,0,
org.apache.hadoop.yarn.api.records.ContainerReportJVMInterface,/home/shuai/xlab/upgrade_testing/hadoop-transform/hadoop-yarn-project/hadoop-yarn/hadoop-yarn-api/src/main/java/org/apache/hadoop/yarn/api/records/ContainerReport.java,implemented,0,
org.apache.hadoop.yarn.api.records.PriorityJVMInterface,/home/shuai/xlab/upgrade_testing/hadoop-transform/hadoop-yarn-project/hadoop-yarn/hadoop-yarn-api/src/main/java/org/apache/hadoop/yarn/api/records/Priority.java,implemented,0,
org.apache.hadoop.yarn.api.records.ApplicationAttemptReportJVMInterface,/home/shuai/xlab/upgrade_testing/hadoop-transform/hadoop-yarn-project/hadoop-yarn/hadoop-yarn-api/src/main/java/org/apache/hadoop/yarn/api/records/ApplicationAttemptReport.java,implemented,0,
org.apache.hadoop.yarn.api.records.PreemptionMessageJVMInterface,/home/shuai/xlab/upgrade_testing/hadoop-transform/hadoop-yarn-project/hadoop-yarn/hadoop-yarn-api/src/main/java/org/apache/hadoop/yarn/api/records/PreemptionMessage.java,implemented,0,
org.apache.hadoop.yarn.api.records.PreemptionContractJVMInterface,/home/shuai/xlab/upgrade_testing/hadoop-transform/hadoop-yarn-project/hadoop-yarn/hadoop-yarn-api/src/main/java/org/apache/hadoop/yarn/api/records/PreemptionContract.java,implemented,0,
org.apache.hadoop.yarn.api.records.ResourceUtilizationJVMInterface,/home/shuai/xlab/upgrade_testing/hadoop-transform/hadoop-yarn-project/hadoop-yarn/hadoop-yarn-api/src/main/java/org/apache/hadoop/yarn/api/records/ResourceUtilization.java,implemented,0,
org.apache.hadoop.yarn.api.ApplicationMasterProtocolJVMInterface,/home/shuai/xlab/upgrade_testing/hadoop-transform/hadoop-yarn-project/hadoop-yarn/hadoop-yarn-api/src/main/java/org/apache/hadoop/yarn/api/ApplicationMasterProtocol.java,skippedNoConcreteClass,0,no matching concrete declaration
org.apache.hadoop.yarn.api.ApplicationClientProtocolJVMInterface,/home/shuai/xlab/upgrade_testing/hadoop-transform/hadoop-yarn-project/hadoop-yarn/hadoop-yarn-api/src/main/java/org/apache/hadoop/yarn/api/ApplicationClientProtocol.java,skippedNoConcreteClass,0,no matching concrete declaration
org.apache.hadoop.yarn.api.ApplicationBaseProtocolJVMInterface,/home/shuai/xlab/upgrade_testing/hadoop-transform/hadoop-yarn-project/hadoop-yarn/hadoop-yarn-api/src/main/java/org/apache/hadoop/yarn/api/ApplicationBaseProtocol.java,skippedNoConcreteClass,0,no matching concrete declaration
org.apache.hadoop.yarn.security.NMTokenIdentifierJVMInterface,/home/shuai/xlab/upgrade_testing/hadoop-transform/hadoop-yarn-project/hadoop-yarn/hadoop-yarn-common/src/main/java/org/apache/hadoop/yarn/security/NMTokenIdentifier.java,implemented,0,
org.apache.hadoop.yarn.security.ContainerTokenIdentifierJVMInterface,/home/shuai/xlab/upgrade_testing/hadoop-transform/hadoop-yarn-project/hadoop-yarn/hadoop-yarn-common/src/main/java/org/apache/hadoop/yarn/security/ContainerTokenIdentifier.java,implemented,0,
org.apache.hadoop.yarn.event.EventHandlerJVMInterface,/home/shuai/xlab/upgrade_testing/hadoop-transform/hadoop-yarn-project/hadoop-yarn/hadoop-yarn-common/src/main/java/org/apache/hadoop/yarn/event/EventHandler.java,skippedNoConcreteClass,0,no matching concrete declaration
org.apache.hadoop.yarn.event.AbstractEventJVMInterface,/home/shuai/xlab/upgrade_testing/hadoop-transform/hadoop-yarn-project/hadoop-yarn/hadoop-yarn-common/src/main/java/org/apache/hadoop/yarn/event/AbstractEvent.java,implemented,0,
org.apache.hadoop.yarn.event.DispatcherJVMInterface,/home/shuai/xlab/upgrade_testing/hadoop-transform/hadoop-yarn-project/hadoop-yarn/hadoop-yarn-common/src/main/java/org/apache/hadoop/yarn/event/Dispatcher.java,forcedImplementation,0,manual interface forced
org.apache.hadoop.yarn.event.EventJVMInterface,/home/shuai/xlab/upgrade_testing/hadoop-transform/hadoop-yarn-project/hadoop-yarn/hadoop-yarn-common/src/main/java/org/apache/hadoop/yarn/event/Event.java,skippedNoConcreteClass,0,no matching concrete declaration
org.apache.hadoop.yarn.server.security.ApplicationACLsManagerJVMInterface,/home/shuai/xlab/upgrade_testing/hadoop-transform/hadoop-yarn-project/hadoop-yarn/hadoop-yarn-common/src/main/java/org/apache/hadoop/yarn/server/security/ApplicationACLsManager.java,implemented,0,
org.apache.hadoop.yarn.state.MultiStateTransitionListenerJVMInterface,/home/shuai/xlab/upgrade_testing/hadoop-transform/hadoop-yarn-project/hadoop-yarn/hadoop-yarn-common/src/main/java/org/apache/hadoop/yarn/state/MultiStateTransitionListener.java,implemented,0,
org.apache.hadoop.yarn.state.StateTransitionListenerJVMInterface,/home/shuai/xlab/upgrade_testing/hadoop-transform/hadoop-yarn-project/hadoop-yarn/hadoop-yarn-common/src/main/java/org/apache/hadoop/yarn/state/StateTransitionListener.java,skippedNoConcreteClass,0,no matching concrete declaration
org.apache.hadoop.yarn.server.security.BaseNMTokenSecretManagerJVMInterface,/home/shuai/xlab/upgrade_testing/hadoop-transform/hadoop-yarn-project/hadoop-yarn/hadoop-yarn-server/hadoop-yarn-server-common/src/main/java/org/apache/hadoop/yarn/server/security/BaseNMTokenSecretManager.java,implemented,0,
org.apache.hadoop.yarn.server.security.BaseContainerTokenSecretManagerJVMInterface,/home/shuai/xlab/upgrade_testing/hadoop-transform/hadoop-yarn-project/hadoop-yarn/hadoop-yarn-server/hadoop-yarn-server-common/src/main/java/org/apache/hadoop/yarn/server/security/BaseContainerTokenSecretManager.java,implemented,0,
org.apache.hadoop.yarn.server.api.protocolrecords.UnRegisterNodeManagerResponseJVMInterface,/home/shuai/xlab/upgrade_testing/hadoop-transform/hadoop-yarn-project/hadoop-yarn/hadoop-yarn-server/hadoop-yarn-server-common/src/main/java/org/apache/hadoop/yarn/server/api/protocolrecords/UnRegisterNodeManagerResponse.java,implemented,0,
org.apache.hadoop.yarn.server.api.protocolrecords.RegisterNodeManagerResponseJVMInterface,/home/shuai/xlab/upgrade_testing/hadoop-transform/hadoop-yarn-project/hadoop-yarn/hadoop-yarn-server/hadoop-yarn-server-common/src/main/java/org/apache/hadoop/yarn/server/api/protocolrecords/RegisterNodeManagerResponse.java,forcedImplementation,0,manual interface forced
org.apache.hadoop.yarn.server.api.protocolrecords.NodeHeartbeatRequestJVMInterface,/home/shuai/xlab/upgrade_testing/hadoop-transform/hadoop-yarn-project/hadoop-yarn/hadoop-yarn-server/hadoop-yarn-server-common/src/main/java/org/apache/hadoop/yarn/server/api/protocolrecords/NodeHeartbeatRequest.java,implemented,0,
org.apache.hadoop.yarn.server.api.protocolrecords.RegisterNodeManagerRequestJVMInterface,/home/shuai/xlab/upgrade_testing/hadoop-transform/hadoop-yarn-project/hadoop-yarn/hadoop-yarn-server/hadoop-yarn-server-common/src/main/java/org/apache/hadoop/yarn/server/api/protocolrecords/RegisterNodeManagerRequest.java,implemented,0,
org.apache.hadoop.yarn.server.api.protocolrecords.NodeHeartbeatResponseJVMInterface,/home/shuai/xlab/upgrade_testing/hadoop-transform/hadoop-yarn-project/hadoop-yarn/hadoop-yarn-server/hadoop-yarn-server-common/src/main/java/org/apache/hadoop/yarn/server/api/protocolrecords/NodeHeartbeatResponse.java,forcedImplementation,0,manual interface forced
org.apache.hadoop.yarn.server.api.protocolrecords.UnRegisterNodeManagerRequestJVMInterface,/home/shuai/xlab/upgrade_testing/hadoop-transform/hadoop-yarn-project/hadoop-yarn/hadoop-yarn-server/hadoop-yarn-server-common/src/main/java/org/apache/hadoop/yarn/server/api/protocolrecords/UnRegisterNodeManagerRequest.java,implemented,0,
org.apache.hadoop.yarn.server.api.records.NodeHealthStatusJVMInterface,/home/shuai/xlab/upgrade_testing/hadoop-transform/hadoop-yarn-project/hadoop-yarn/hadoop-yarn-server/hadoop-yarn-server-common/src/main/java/org/apache/hadoop/yarn/server/api/records/NodeHealthStatus.java,implemented,0,
org.apache.hadoop.yarn.server.api.records.NodeStatusJVMInterface,/home/shuai/xlab/upgrade_testing/hadoop-transform/hadoop-yarn-project/hadoop-yarn/hadoop-yarn-server/hadoop-yarn-server-common/src/main/java/org/apache/hadoop/yarn/server/api/records/NodeStatus.java,implemented,0,
org.apache.hadoop.yarn.server.api.records.OpportunisticContainersStatusJVMInterface,/home/shuai/xlab/upgrade_testing/hadoop-transform/hadoop-yarn-project/hadoop-yarn/hadoop-yarn-server/hadoop-yarn-server-common/src/main/java/org/apache/hadoop/yarn/server/api/records/OpportunisticContainersStatus.java,implemented,0,
org.apache.hadoop.yarn.server.api.ResourceTrackerJVMInterface,/home/shuai/xlab/upgrade_testing/hadoop-transform/hadoop-yarn-project/hadoop-yarn/hadoop-yarn-server/hadoop-yarn-server-common/src/main/java/org/apache/hadoop/yarn/server/api/ResourceTracker.java,skippedNoConcreteClass,0,no matching concrete declaration
org.apache.hadoop.yarn.server.federation.store.FederationPolicyStoreJVMInterface,/home/shuai/xlab/upgrade_testing/hadoop-transform/hadoop-yarn-project/hadoop-yarn/hadoop-yarn-server/hadoop-yarn-server-common/src/main/java/org/apache/hadoop/yarn/server/federation/store/FederationPolicyStore.java,skippedNoConcreteClass,0,no matching concrete declaration
org.apache.hadoop.yarn.server.federation.store.FederationStateStoreJVMInterface,/home/shuai/xlab/upgrade_testing/hadoop-transform/hadoop-yarn-project/hadoop-yarn/hadoop-yarn-server/hadoop-yarn-server-common/src/main/java/org/apache/hadoop/yarn/server/federation/store/FederationStateStore.java,skippedNoConcreteClass,0,no matching concrete declaration
org.apache.hadoop.yarn.server.federation.store.FederationApplicationHomeSubClusterStoreJVMInterface,/home/shuai/xlab/upgrade_testing/hadoop-transform/hadoop-yarn-project/hadoop-yarn/hadoop-yarn-server/hadoop-yarn-server-common/src/main/java/org/apache/hadoop/yarn/server/federation/store/FederationApplicationHomeSubClusterStore.java,skippedNoConcreteClass,0,no matching concrete declaration
org.apache.hadoop.yarn.server.federation.store.records.SubClusterDeregisterRequestJVMInterface,/home/shuai/xlab/upgrade_testing/hadoop-transform/hadoop-yarn-project/hadoop-yarn/hadoop-yarn-server/hadoop-yarn-server-common/src/main/java/org/apache/hadoop/yarn/server/federation/store/records/SubClusterDeregisterRequest.java,implemented,0,
org.apache.hadoop.yarn.server.federation.store.records.SubClusterHeartbeatRequestJVMInterface,/home/shuai/xlab/upgrade_testing/hadoop-transform/hadoop-yarn-project/hadoop-yarn/hadoop-yarn-server/hadoop-yarn-server-common/src/main/java/org/apache/hadoop/yarn/server/federation/store/records/SubClusterHeartbeatRequest.java,implemented,0,
org.apache.hadoop.yarn.server.federation.store.records.SubClusterIdJVMInterface,/home/shuai/xlab/upgrade_testing/hadoop-transform/hadoop-yarn-project/hadoop-yarn/hadoop-yarn-server/hadoop-yarn-server-common/src/main/java/org/apache/hadoop/yarn/server/federation/store/records/SubClusterId.java,implemented,0,
org.apache.hadoop.yarn.server.federation.store.records.SubClusterInfoJVMInterface,/home/shuai/xlab/upgrade_testing/hadoop-transform/hadoop-yarn-project/hadoop-yarn/hadoop-yarn-server/hadoop-yarn-server-common/src/main/java/org/apache/hadoop/yarn/server/federation/store/records/SubClusterInfo.java,implemented,0,
org.apache.hadoop.yarn.server.federation.store.records.GetApplicationHomeSubClusterResponseJVMInterface,/home/shuai/xlab/upgrade_testing/hadoop-transform/hadoop-yarn-project/hadoop-yarn/hadoop-yarn-server/hadoop-yarn-server-common/src/main/java/org/apache/hadoop/yarn/server/federation/store/records/GetApplicationHomeSubClusterResponse.java,implemented,0,
org.apache.hadoop.yarn.server.federation.store.records.GetSubClusterPoliciesConfigurationsRequestJVMInterface,/home/shuai/xlab/upgrade_testing/hadoop-transform/hadoop-yarn-project/hadoop-yarn/hadoop-yarn-server/hadoop-yarn-server-common/src/main/java/org/apache/hadoop/yarn/server/federation/store/records/GetSubClusterPoliciesConfigurationsRequest.java,implemented,0,
org.apache.hadoop.yarn.server.federation.store.records.GetSubClustersInfoRequestJVMInterface,/home/shuai/xlab/upgrade_testing/hadoop-transform/hadoop-yarn-project/hadoop-yarn/hadoop-yarn-server/hadoop-yarn-server-common/src/main/java/org/apache/hadoop/yarn/server/federation/store/records/GetSubClustersInfoRequest.java,implemented,0,
org.apache.hadoop.yarn.server.federation.store.records.DeleteApplicationHomeSubClusterRequestJVMInterface,/home/shuai/xlab/upgrade_testing/hadoop-transform/hadoop-yarn-project/hadoop-yarn/hadoop-yarn-server/hadoop-yarn-server-common/src/main/java/org/apache/hadoop/yarn/server/federation/store/records/DeleteApplicationHomeSubClusterRequest.java,implemented,0,
org.apache.hadoop.yarn.server.federation.store.records.SubClusterPolicyConfigurationJVMInterface,/home/shuai/xlab/upgrade_testing/hadoop-transform/hadoop-yarn-project/hadoop-yarn/hadoop-yarn-server/hadoop-yarn-server-common/src/main/java/org/apache/hadoop/yarn/server/federation/store/records/SubClusterPolicyConfiguration.java,implemented,0,
org.apache.hadoop.yarn.server.federation.store.records.AddApplicationHomeSubClusterRequestJVMInterface,/home/shuai/xlab/upgrade_testing/hadoop-transform/hadoop-yarn-project/hadoop-yarn/hadoop-yarn-server/hadoop-yarn-server-common/src/main/java/org/apache/hadoop/yarn/server/federation/store/records/AddApplicationHomeSubClusterRequest.java,implemented,0,
org.apache.hadoop.yarn.server.federation.store.records.GetSubClusterInfoResponseJVMInterface,/home/shuai/xlab/upgrade_testing/hadoop-transform/hadoop-yarn-project/hadoop-yarn/hadoop-yarn-server/hadoop-yarn-server-common/src/main/java/org/apache/hadoop/yarn/server/federation/store/records/GetSubClusterInfoResponse.java,implemented,0,
org.apache.hadoop.yarn.server.federation.store.records.ApplicationHomeSubClusterJVMInterface,/home/shuai/xlab/upgrade_testing/hadoop-transform/hadoop-yarn-project/hadoop-yarn/hadoop-yarn-server/hadoop-yarn-server-common/src/main/java/org/apache/hadoop/yarn/server/federation/store/records/ApplicationHomeSubCluster.java,implemented,0,
org.apache.hadoop.yarn.server.federation.store.records.GetSubClustersInfoResponseJVMInterface,/home/shuai/xlab/upgrade_testing/hadoop-transform/hadoop-yarn-project/hadoop-yarn/hadoop-yarn-server/hadoop-yarn-server-common/src/main/java/org/apache/hadoop/yarn/server/federation/store/records/GetSubClustersInfoResponse.java,implemented,0,
org.apache.hadoop.yarn.server.federation.store.records.SetSubClusterPolicyConfigurationResponseJVMInterface,/home/shuai/xlab/upgrade_testing/hadoop-transform/hadoop-yarn-project/hadoop-yarn/hadoop-yarn-server/hadoop-yarn-server-common/src/main/java/org/apache/hadoop/yarn/server/federation/store/records/SetSubClusterPolicyConfigurationResponse.java,implemented,0,
org.apache.hadoop.yarn.server.federation.store.records.GetApplicationsHomeSubClusterRequestJVMInterface,/home/shuai/xlab/upgrade_testing/hadoop-transform/hadoop-yarn-project/hadoop-yarn/hadoop-yarn-server/hadoop-yarn-server-common/src/main/java/org/apache/hadoop/yarn/server/federation/store/records/GetApplicationsHomeSubClusterRequest.java,implemented,0,
org.apache.hadoop.yarn.server.federation.store.records.UpdateApplicationHomeSubClusterRequestJVMInterface,/home/shuai/xlab/upgrade_testing/hadoop-transform/hadoop-yarn-project/hadoop-yarn/hadoop-yarn-server/hadoop-yarn-server-common/src/main/java/org/apache/hadoop/yarn/server/federation/store/records/UpdateApplicationHomeSubClusterRequest.java,implemented,0,
org.apache.hadoop.yarn.server.federation.store.records.GetSubClusterInfoRequestJVMInterface,/home/shuai/xlab/upgrade_testing/hadoop-transform/hadoop-yarn-project/hadoop-yarn/hadoop-yarn-server/hadoop-yarn-server-common/src/main/java/org/apache/hadoop/yarn/server/federation/store/records/GetSubClusterInfoRequest.java,implemented,0,
org.apache.hadoop.yarn.server.federation.store.records.UpdateApplicationHomeSubClusterResponseJVMInterface,/home/shuai/xlab/upgrade_testing/hadoop-transform/hadoop-yarn-project/hadoop-yarn/hadoop-yarn-server/hadoop-yarn-server-common/src/main/java/org/apache/hadoop/yarn/server/federation/store/records/UpdateApplicationHomeSubClusterResponse.java,implemented,0,
org.apache.hadoop.yarn.server.federation.store.records.SubClusterRegisterResponseJVMInterface,/home/shuai/xlab/upgrade_testing/hadoop-transform/hadoop-yarn-project/hadoop-yarn/hadoop-yarn-server/hadoop-yarn-server-common/src/main/java/org/apache/hadoop/yarn/server/federation/store/records/SubClusterRegisterResponse.java,implemented,0,
org.apache.hadoop.yarn.server.federation.store.records.SubClusterDeregisterResponseJVMInterface,/home/shuai/xlab/upgrade_testing/hadoop-transform/hadoop-yarn-project/hadoop-yarn/hadoop-yarn-server/hadoop-yarn-server-common/src/main/java/org/apache/hadoop/yarn/server/federation/store/records/SubClusterDeregisterResponse.java,implemented,0,
org.apache.hadoop.yarn.server.federation.store.records.GetSubClusterPolicyConfigurationRequestJVMInterface,/home/shuai/xlab/upgrade_testing/hadoop-transform/hadoop-yarn-project/hadoop-yarn/hadoop-yarn-server/hadoop-yarn-server-common/src/main/java/org/apache/hadoop/yarn/server/federation/store/records/GetSubClusterPolicyConfigurationRequest.java,implemented,0,
org.apache.hadoop.yarn.server.federation.store.records.GetApplicationsHomeSubClusterResponseJVMInterface,/home/shuai/xlab/upgrade_testing/hadoop-transform/hadoop-yarn-project/hadoop-yarn/hadoop-yarn-server/hadoop-yarn-server-common/src/main/java/org/apache/hadoop/yarn/server/federation/store/records/GetApplicationsHomeSubClusterResponse.java,implemented,0,
org.apache.hadoop.yarn.server.federation.store.records.DeleteApplicationHomeSubClusterResponseJVMInterface,/home/shuai/xlab/upgrade_testing/hadoop-transform/hadoop-yarn-project/hadoop-yarn/hadoop-yarn-server/hadoop-yarn-server-common/src/main/java/org/apache/hadoop/yarn/server/federation/store/records/DeleteApplicationHomeSubClusterResponse.java,implemented,0,
org.apache.hadoop.yarn.server.federation.store.records.GetSubClusterPolicyConfigurationResponseJVMInterface,/home/shuai/xlab/upgrade_testing/hadoop-transform/hadoop-yarn-project/hadoop-yarn/hadoop-yarn-server/hadoop-yarn-server-common/src/main/java/org/apache/hadoop/yarn/server/federation/store/records/GetSubClusterPolicyConfigurationResponse.java,implemented,0,
org.apache.hadoop.yarn.server.federation.store.records.GetSubClusterPoliciesConfigurationsResponseJVMInterface,/home/shuai/xlab/upgrade_testing/hadoop-transform/hadoop-yarn-project/hadoop-yarn/hadoop-yarn-server/hadoop-yarn-server-common/src/main/java/org/apache/hadoop/yarn/server/federation/store/records/GetSubClusterPoliciesConfigurationsResponse.java,implemented,0,
org.apache.hadoop.yarn.server.federation.store.records.SubClusterHeartbeatResponseJVMInterface,/home/shuai/xlab/upgrade_testing/hadoop-transform/hadoop-yarn-project/hadoop-yarn/hadoop-yarn-server/hadoop-yarn-server-common/src/main/java/org/apache/hadoop/yarn/server/federation/store/records/SubClusterHeartbeatResponse.java,implemented,0,
org.apache.hadoop.yarn.server.federation.store.records.GetApplicationHomeSubClusterRequestJVMInterface,/home/shuai/xlab/upgrade_testing/hadoop-transform/hadoop-yarn-project/hadoop-yarn/hadoop-yarn-server/hadoop-yarn-server-common/src/main/java/org/apache/hadoop/yarn/server/federation/store/records/GetApplicationHomeSubClusterRequest.java,implemented,0,
org.apache.hadoop.yarn.server.federation.store.records.AddApplicationHomeSubClusterResponseJVMInterface,/home/shuai/xlab/upgrade_testing/hadoop-transform/hadoop-yarn-project/hadoop-yarn/hadoop-yarn-server/hadoop-yarn-server-common/src/main/java/org/apache/hadoop/yarn/server/federation/store/records/AddApplicationHomeSubClusterResponse.java,implemented,0,
org.apache.hadoop.yarn.server.federation.store.records.SubClusterRegisterRequestJVMInterface,/home/shuai/xlab/upgrade_testing/hadoop-transform/hadoop-yarn-project/hadoop-yarn/hadoop-yarn-server/hadoop-yarn-server-common/src/main/java/org/apache/hadoop/yarn/server/federation/store/records/SubClusterRegisterRequest.java,implemented,0,
org.apache.hadoop.yarn.server.federation.store.records.SetSubClusterPolicyConfigurationRequestJVMInterface,/home/shuai/xlab/upgrade_testing/hadoop-transform/hadoop-yarn-project/hadoop-yarn/hadoop-yarn-server/hadoop-yarn-server-common/src/main/java/org/apache/hadoop/yarn/server/federation/store/records/SetSubClusterPolicyConfigurationRequest.java,implemented,0,
org.apache.hadoop.yarn.server.federation.store.FederationMembershipStateStoreJVMInterface,/home/shuai/xlab/upgrade_testing/hadoop-transform/hadoop-yarn-project/hadoop-yarn/hadoop-yarn-server/hadoop-yarn-server-common/src/main/java/org/apache/hadoop/yarn/server/federation/store/FederationMembershipStateStore.java,skippedNoConcreteClass,0,no matching concrete declaration
org.apache.hadoop.yarn.server.scheduler.OpportunisticContainerContextJVMInterface,/home/shuai/xlab/upgrade_testing/hadoop-transform/hadoop-yarn-project/hadoop-yarn/hadoop-yarn-server/hadoop-yarn-server-common/src/main/java/org/apache/hadoop/yarn/server/scheduler/OpportunisticContainerContext.java,implemented,0,
org.apache.hadoop.yarn.server.scheduler.OpportunisticContainerAllocatorJVMInterface,/home/shuai/xlab/upgrade_testing/hadoop-transform/hadoop-yarn-project/hadoop-yarn/hadoop-yarn-server/hadoop-yarn-server-common/src/main/java/org/apache/hadoop/yarn/server/scheduler/OpportunisticContainerAllocator.java,implemented,0,
org.apache.hadoop.yarn.server.records.VersionJVMInterface,/home/shuai/xlab/upgrade_testing/hadoop-transform/hadoop-yarn-project/hadoop-yarn/hadoop-yarn-server/hadoop-yarn-server-common/src/main/java/org/apache/hadoop/yarn/server/records/Version.java,implemented,0,
org.apache.hadoop.yarn.server.resourcemanager.metrics.SystemMetricsPublisherJVMInterface,/home/shuai/xlab/upgrade_testing/hadoop-transform/hadoop-yarn-project/hadoop-yarn/hadoop-yarn-server/hadoop-yarn-server-resourcemanager/src/main/java/org/apache/hadoop/yarn/server/resourcemanager/metrics/SystemMetricsPublisher.java,forcedImplementation,0,manual interface forced
org.apache.hadoop.yarn.server.resourcemanager.ResourceTrackerServiceJVMInterface,/home/shuai/xlab/upgrade_testing/hadoop-transform/hadoop-yarn-project/hadoop-yarn/hadoop-yarn-server/hadoop-yarn-server-resourcemanager/src/main/java/org/apache/hadoop/yarn/server/resourcemanager/ResourceTrackerService.java,implemented,0,
org.apache.hadoop.yarn.server.resourcemanager.security.QueueACLsManagerJVMInterface,/home/shuai/xlab/upgrade_testing/hadoop-transform/hadoop-yarn-project/hadoop-yarn/hadoop-yarn-server/hadoop-yarn-server-resourcemanager/src/main/java/org/apache/hadoop/yarn/server/resourcemanager/security/QueueACLsManager.java,implemented,0,
org.apache.hadoop.yarn.server.resourcemanager.ResourceManagerJVMInterface,/home/shuai/xlab/upgrade_testing/hadoop-transform/hadoop-yarn-project/hadoop-yarn/hadoop-yarn-server/hadoop-yarn-server-resourcemanager/src/main/java/org/apache/hadoop/yarn/server/resourcemanager/ResourceManager.java,implemented,0,
org.apache.hadoop.yarn.server.resourcemanager.rmnode.RMNodeEventJVMInterface,/home/shuai/xlab/upgrade_testing/hadoop-transform/hadoop-yarn-project/hadoop-yarn/hadoop-yarn-server/hadoop-yarn-server-resourcemanager/src/main/java/org/apache/hadoop/yarn/server/resourcemanager/rmnode/RMNodeEvent.java,implemented,0,
org.apache.hadoop.yarn.server.resourcemanager.federation.FederationStateStoreServiceJVMInterface,/home/shuai/xlab/upgrade_testing/hadoop-transform/hadoop-yarn-project/hadoop-yarn/hadoop-yarn-server/hadoop-yarn-server-resourcemanager/src/main/java/org/apache/hadoop/yarn/server/resourcemanager/federation/FederationStateStoreService.java,implemented,0,
org.apache.hadoop.yarn.server.resourcemanager.federation.FederationStateStoreHeartbeatJVMInterface,/home/shuai/xlab/upgrade_testing/hadoop-transform/hadoop-yarn-project/hadoop-yarn/hadoop-yarn-server/hadoop-yarn-server-resourcemanager/src/main/java/org/apache/hadoop/yarn/server/resourcemanager/federation/FederationStateStoreHeartbeat.java,implemented,0,
org.apache.hadoop.yarn.server.resourcemanager.rmapp.RMAppEventJVMInterface,/home/shuai/xlab/upgrade_testing/hadoop-transform/hadoop-yarn-project/hadoop-yarn/hadoop-yarn-server/hadoop-yarn-server-resourcemanager/src/main/java/org/apache/hadoop/yarn/server/resourcemanager/rmapp/RMAppEvent.java,implemented,0,
org.apache.hadoop.yarn.server.resourcemanager.rmapp.attempt.RMAppAttemptEventJVMInterface,/home/shuai/xlab/upgrade_testing/hadoop-transform/hadoop-yarn-project/hadoop-yarn/hadoop-yarn-server/hadoop-yarn-server-resourcemanager/src/main/java/org/apache/hadoop/yarn/server/resourcemanager/rmapp/attempt/RMAppAttemptEvent.java,implemented,0,
org.apache.hadoop.yarn.server.resourcemanager.EmbeddedElectorJVMInterface,/home/shuai/xlab/upgrade_testing/hadoop-transform/hadoop-yarn-project/hadoop-yarn/hadoop-yarn-server/hadoop-yarn-server-resourcemanager/src/main/java/org/apache/hadoop/yarn/server/resourcemanager/EmbeddedElector.java,forcedImplementation,0,manual interface forced
org.apache.hadoop.yarn.server.resourcemanager.resource.DynamicResourceConfigurationJVMInterface,/home/shuai/xlab/upgrade_testing/hadoop-transform/hadoop-yarn-project/hadoop-yarn/hadoop-yarn-server/hadoop-yarn-server-resourcemanager/src/main/java/org/apache/hadoop/yarn/server/resourcemanager/resource/DynamicResourceConfiguration.java,implemented,0,
org.apache.hadoop.yarn.server.resourcemanager.RMFatalEventJVMInterface,/home/shuai/xlab/upgrade_testing/hadoop-transform/hadoop-yarn-project/hadoop-yarn/hadoop-yarn-server/hadoop-yarn-server-resourcemanager/src/main/java/org/apache/hadoop/yarn/server/resourcemanager/RMFatalEvent.java,implemented,0,
org.apache.hadoop.yarn.server.resourcemanager.ClientRMServiceJVMInterface,/home/shuai/xlab/upgrade_testing/hadoop-transform/hadoop-yarn-project/hadoop-yarn/hadoop-yarn-server/hadoop-yarn-server-resourcemanager/src/main/java/org/apache/hadoop/yarn/server/resourcemanager/ClientRMService.java,implemented,0,
org.apache.hadoop.yarn.server.resourcemanager.RMContextJVMInterface,/home/shuai/xlab/upgrade_testing/hadoop-transform/hadoop-yarn-project/hadoop-yarn/hadoop-yarn-server/hadoop-yarn-server-resourcemanager/src/main/java/org/apache/hadoop/yarn/server/resourcemanager/RMContext.java,forcedImplementation,0,manual interface forced
org.apache.hadoop.yarn.server.resourcemanager.AdminServiceJVMInterface,/home/shuai/xlab/upgrade_testing/hadoop-transform/hadoop-yarn-project/hadoop-yarn/hadoop-yarn-server/hadoop-yarn-server-resourcemanager/src/main/java/org/apache/hadoop/yarn/server/resourcemanager/AdminService.java,implemented,0,
org.apache.hadoop.yarn.server.resourcemanager.ApplicationMasterServiceJVMInterface,/home/shuai/xlab/upgrade_testing/hadoop-transform/hadoop-yarn-project/hadoop-yarn/hadoop-yarn-server/hadoop-yarn-server-resourcemanager/src/main/java/org/apache/hadoop/yarn/server/resourcemanager/ApplicationMasterService.java,implemented,0,
org.apache.hadoop.yarn.server.resourcemanager.recovery.RecoverableJVMInterface,/home/shuai/xlab/upgrade_testing/hadoop-transform/hadoop-yarn-project/hadoop-yarn/hadoop-yarn-server/hadoop-yarn-server-resourcemanager/src/main/java/org/apache/hadoop/yarn/server/resourcemanager/recovery/Recoverable.java,skippedNoConcreteClass,0,no matching concrete declaration
org.apache.hadoop.yarn.server.nodemanager.timelineservice.NMTimelinePublisherJVMInterface,/home/shuai/xlab/upgrade_testing/hadoop-transform/hadoop-yarn-project/hadoop-yarn/hadoop-yarn-server/hadoop-yarn-server-nodemanager/src/main/java/org/apache/hadoop/yarn/server/nodemanager/timelineservice/NMTimelinePublisher.java,implemented,0,
org.apache.hadoop.yarn.server.nodemanager.security.NMTokenSecretManagerInNMJVMInterface,/home/shuai/xlab/upgrade_testing/hadoop-transform/hadoop-yarn-project/hadoop-yarn/hadoop-yarn-server/hadoop-yarn-server-nodemanager/src/main/java/org/apache/hadoop/yarn/server/nodemanager/security/NMTokenSecretManagerInNM.java,implemented,0,
org.apache.hadoop.yarn.server.nodemanager.security.NMContainerTokenSecretManagerJVMInterface,/home/shuai/xlab/upgrade_testing/hadoop-transform/hadoop-yarn-project/hadoop-yarn/hadoop-yarn-server/hadoop-yarn-server-nodemanager/src/main/java/org/apache/hadoop/yarn/server/nodemanager/security/NMContainerTokenSecretManager.java,implemented,0,
org.apache.hadoop.yarn.server.nodemanager.ContextJVMInterface,/home/shuai/xlab/upgrade_testing/hadoop-transform/hadoop-yarn-project/hadoop-yarn/hadoop-yarn-server/hadoop-yarn-server-nodemanager/src/main/java/org/apache/hadoop/yarn/server/nodemanager/Context.java,skippedNoConcreteClass,0,no matching concrete declaration
org.apache.hadoop.yarn.server.nodemanager.webapp.WebServerJVMInterface,/home/shuai/xlab/upgrade_testing/hadoop-transform/hadoop-yarn-project/hadoop-yarn/hadoop-yarn-server/hadoop-yarn-server-nodemanager/src/main/java/org/apache/hadoop/yarn/server/nodemanager/webapp/WebServer.java,implemented,0,
org.apache.hadoop.yarn.server.nodemanager.ContainerExecutorJVMInterface,/home/shuai/xlab/upgrade_testing/hadoop-transform/hadoop-yarn-project/hadoop-yarn/hadoop-yarn-server/hadoop-yarn-server-nodemanager/src/main/java/org/apache/hadoop/yarn/server/nodemanager/ContainerExecutor.java,implemented,0,
org.apache.hadoop.yarn.server.nodemanager.LocalDirsHandlerServiceJVMInterface,/home/shuai/xlab/upgrade_testing/hadoop-transform/hadoop-yarn-project/hadoop-yarn/hadoop-yarn-server/hadoop-yarn-server-nodemanager/src/main/java/org/apache/hadoop/yarn/server/nodemanager/LocalDirsHandlerService.java,implemented,0,
org.apache.hadoop.yarn.server.nodemanager.NodeManagerJVMInterface,/home/shuai/xlab/upgrade_testing/hadoop-transform/hadoop-yarn-project/hadoop-yarn/hadoop-yarn-server/hadoop-yarn-server-nodemanager/src/main/java/org/apache/hadoop/yarn/server/nodemanager/NodeManager.java,implemented,0,
org.apache.hadoop.yarn.server.nodemanager.DefaultContainerStateListenerJVMInterface,not-found,noClassFound,0,class file not found
org.apache.hadoop.yarn.server.nodemanager.NodeHealthCheckerServiceJVMInterface,/home/shuai/xlab/upgrade_testing/hadoop-transform/hadoop-yarn-project/hadoop-yarn/hadoop-yarn-server/hadoop-yarn-server-nodemanager/src/main/java/org/apache/hadoop/yarn/server/nodemanager/NodeHealthCheckerService.java,implemented,0,
org.apache.hadoop.yarn.server.nodemanager.containermanager.application.ApplicationEventJVMInterface,/home/shuai/xlab/upgrade_testing/hadoop-transform/hadoop-yarn-project/hadoop-yarn/hadoop-yarn-server/hadoop-yarn-server-nodemanager/src/main/java/org/apache/hadoop/yarn/server/nodemanager/containermanager/application/ApplicationEvent.java,implemented,0,
org.apache.hadoop.yarn.server.nodemanager.containermanager.container.ContainerEventJVMInterface,/home/shuai/xlab/upgrade_testing/hadoop-transform/hadoop-yarn-project/hadoop-yarn/hadoop-yarn-server/hadoop-yarn-server-nodemanager/src/main/java/org/apache/hadoop/yarn/server/nodemanager/containermanager/container/ContainerEvent.java,implemented,0,
org.apache.hadoop.yarn.server.nodemanager.containermanager.resourceplugin.ResourcePluginManagerJVMInterface,/home/shuai/xlab/upgrade_testing/hadoop-transform/hadoop-yarn-project/hadoop-yarn/hadoop-yarn-server/hadoop-yarn-server-nodemanager/src/main/java/org/apache/hadoop/yarn/server/nodemanager/containermanager/resourceplugin/ResourcePluginManager.java,implemented,0,
org.apache.hadoop.yarn.server.nodemanager.containermanager.localizer.event.LocalizationEventJVMInterface,/home/shuai/xlab/upgrade_testing/hadoop-transform/hadoop-yarn-project/hadoop-yarn/hadoop-yarn-server/hadoop-yarn-server-nodemanager/src/main/java/org/apache/hadoop/yarn/server/nodemanager/containermanager/localizer/event/LocalizationEvent.java,implemented,0,
org.apache.hadoop.yarn.server.nodemanager.executor.ContainerLivenessContextJVMInterface,/home/shuai/xlab/upgrade_testing/hadoop-transform/hadoop-yarn-project/hadoop-yarn/hadoop-yarn-server/hadoop-yarn-server-nodemanager/src/main/java/org/apache/hadoop/yarn/server/nodemanager/executor/ContainerLivenessContext.java,implemented,0,
org.apache.hadoop.yarn.server.nodemanager.executor.LocalizerStartContextJVMInterface,/home/shuai/xlab/upgrade_testing/hadoop-transform/hadoop-yarn-project/hadoop-yarn/hadoop-yarn-server/hadoop-yarn-server-nodemanager/src/main/java/org/apache/hadoop/yarn/server/nodemanager/executor/LocalizerStartContext.java,implemented,0,
org.apache.hadoop.yarn.server.nodemanager.executor.DeletionAsUserContextJVMInterface,/home/shuai/xlab/upgrade_testing/hadoop-transform/hadoop-yarn-project/hadoop-yarn/hadoop-yarn-server/hadoop-yarn-server-nodemanager/src/main/java/org/apache/hadoop/yarn/server/nodemanager/executor/DeletionAsUserContext.java,implemented,0,
org.apache.hadoop.yarn.server.nodemanager.executor.ContainerReacquisitionContextJVMInterface,/home/shuai/xlab/upgrade_testing/hadoop-transform/hadoop-yarn-project/hadoop-yarn/hadoop-yarn-server/hadoop-yarn-server-nodemanager/src/main/java/org/apache/hadoop/yarn/server/nodemanager/executor/ContainerReacquisitionContext.java,implemented,0,
org.apache.hadoop.yarn.server.nodemanager.executor.ContainerStartContextJVMInterface,/home/shuai/xlab/upgrade_testing/hadoop-transform/hadoop-yarn-project/hadoop-yarn/hadoop-yarn-server/hadoop-yarn-server-nodemanager/src/main/java/org/apache/hadoop/yarn/server/nodemanager/executor/ContainerStartContext.java,implemented,0,
org.apache.hadoop.yarn.server.nodemanager.executor.ContainerSignalContextJVMInterface,/home/shuai/xlab/upgrade_testing/hadoop-transform/hadoop-yarn-project/hadoop-yarn/hadoop-yarn-server/hadoop-yarn-server-nodemanager/src/main/java/org/apache/hadoop/yarn/server/nodemanager/executor/ContainerSignalContext.java,implemented,0,
org.apache.hadoop.yarn.server.nodemanager.ContainerStateTransitionListenerJVMInterface,/home/shuai/xlab/upgrade_testing/hadoop-transform/hadoop-yarn-project/hadoop-yarn/hadoop-yarn-server/hadoop-yarn-server-nodemanager/src/main/java/org/apache/hadoop/yarn/server/nodemanager/ContainerStateTransitionListener.java,skippedNoConcreteClass,0,no matching concrete declaration
org.apache.hadoop.yarn.server.nodemanager.NodeManagerEventJVMInterface,/home/shuai/xlab/upgrade_testing/hadoop-transform/hadoop-yarn-project/hadoop-yarn/hadoop-yarn-server/hadoop-yarn-server-nodemanager/src/main/java/org/apache/hadoop/yarn/server/nodemanager/NodeManagerEvent.java,implemented,0,
org.apache.hadoop.yarn.server.nodemanager.NMContextJVMInterface,not-found,noClassFound,0,class file not found
org.apache.hadoop.yarn.server.nodemanager.recovery.NMStateStoreServiceJVMInterface,/home/shuai/xlab/upgrade_testing/hadoop-transform/hadoop-yarn-project/hadoop-yarn/hadoop-yarn-server/hadoop-yarn-server-nodemanager/src/main/java/org/apache/hadoop/yarn/server/nodemanager/recovery/NMStateStoreService.java,implemented,0,
org.apache.hadoop.security.token.SecretManagerJVMInterface,/home/shuai/xlab/upgrade_testing/hadoop-transform/hadoop-common-project/hadoop-common/src/main/java/org/apache/hadoop/security/token/SecretManager.java,implemented,0,
org.apache.hadoop.security.token.TokenIdentifierJVMInterface,/home/shuai/xlab/upgrade_testing/hadoop-transform/hadoop-common-project/hadoop-common/src/main/java/org/apache/hadoop/security/token/TokenIdentifier.java,implemented,0,
org.apache.hadoop.security.token.TokenJVMInterface,/home/shuai/xlab/upgrade_testing/hadoop-transform/hadoop-common-project/hadoop-common/src/main/java/org/apache/hadoop/security/token/Token.java,implemented,0,
org.apache.hadoop.security.UserGroupInformationJVMInterface,/home/shuai/xlab/upgrade_testing/hadoop-transform/hadoop-common-project/hadoop-common/src/main/java/org/apache/hadoop/security/UserGroupInformation.java,implemented,0,
org.apache.hadoop.security.authorize.AccessControlListJVMInterface,/home/shuai/xlab/upgrade_testing/hadoop-transform/hadoop-common-project/hadoop-common/src/main/java/org/apache/hadoop/security/authorize/AccessControlList.java,implemented,0,
org.apache.hadoop.security.authorize.ServiceJVMInterface,/home/shuai/xlab/upgrade_testing/hadoop-transform/hadoop-common-project/hadoop-common/src/main/java/org/apache/hadoop/security/authorize/Service.java,implemented,0,
org.apache.hadoop.security.authorize.ServiceAuthorizationManagerJVMInterface,/home/shuai/xlab/upgrade_testing/hadoop-transform/hadoop-common-project/hadoop-common/src/main/java/org/apache/hadoop/security/authorize/ServiceAuthorizationManager.java,implemented,0,
org.apache.hadoop.security.authorize.PolicyProviderJVMInterface,/home/shuai/xlab/upgrade_testing/hadoop-transform/hadoop-common-project/hadoop-common/src/main/java/org/apache/hadoop/security/authorize/PolicyProvider.java,implemented,0,
org.apache.hadoop.security.CredentialsJVMInterface,/home/shuai/xlab/upgrade_testing/hadoop-transform/hadoop-common-project/hadoop-common/src/main/java/org/apache/hadoop/security/Credentials.java,implemented,0,
org.apache.hadoop.service.ServiceJVMInterface,/home/shuai/xlab/upgrade_testing/hadoop-transform/hadoop-common-project/hadoop-common/src/main/java/org/apache/hadoop/service/Service.java,skippedNoConcreteClass,0,no matching concrete declaration
org.apache.hadoop.service.AbstractServiceJVMInterface,/home/shuai/xlab/upgrade_testing/hadoop-transform/hadoop-common-project/hadoop-common/src/main/java/org/apache/hadoop/service/AbstractService.java,implemented,0,
org.apache.hadoop.service.CompositeServiceJVMInterface,/home/shuai/xlab/upgrade_testing/hadoop-transform/hadoop-common-project/hadoop-common/src/main/java/org/apache/hadoop/service/CompositeService.java,implemented,0,
org.apache.hadoop.fs.CanUnbufferJVMInterface,/home/shuai/xlab/upgrade_testing/hadoop-transform/hadoop-common-project/hadoop-common/src/main/java/org/apache/hadoop/fs/CanUnbuffer.java,skippedNoConcreteClass,0,no matching concrete declaration
org.apache.hadoop.fs.ContentSummaryJVMInterface,/home/shuai/xlab/upgrade_testing/hadoop-transform/hadoop-common-project/hadoop-common/src/main/java/org/apache/hadoop/fs/ContentSummary.java,implemented,0,
org.apache.hadoop.fs.ByteBufferReadableJVMInterface,/home/shuai/xlab/upgrade_testing/hadoop-transform/hadoop-common-project/hadoop-common/src/main/java/org/apache/hadoop/fs/ByteBufferReadable.java,skippedNoConcreteClass,0,no matching concrete declaration
org.apache.hadoop.fs.FsStatusJVMInterface,/home/shuai/xlab/upgrade_testing/hadoop-transform/hadoop-common-project/hadoop-common/src/main/java/org/apache/hadoop/fs/FsStatus.java,implemented,0,
org.apache.hadoop.fs.QuotaUsageJVMInterface,/home/shuai/xlab/upgrade_testing/hadoop-transform/hadoop-common-project/hadoop-common/src/main/java/org/apache/hadoop/fs/QuotaUsage.java,implemented,0,
org.apache.hadoop.fs.FSDataOutputStreamBuilderJVMInterface,/home/shuai/xlab/upgrade_testing/hadoop-transform/hadoop-common-project/hadoop-common/src/main/java/org/apache/hadoop/fs/FSDataOutputStreamBuilder.java,implemented,0,
org.apache.hadoop.fs.FsServerDefaultsJVMInterface,/home/shuai/xlab/upgrade_testing/hadoop-transform/hadoop-common-project/hadoop-common/src/main/java/org/apache/hadoop/fs/FsServerDefaults.java,implemented,0,
org.apache.hadoop.fs.PositionedReadableJVMInterface,/home/shuai/xlab/upgrade_testing/hadoop-transform/hadoop-common-project/hadoop-common/src/main/java/org/apache/hadoop/fs/PositionedReadable.java,skippedNoConcreteClass,0,no matching concrete declaration
org.apache.hadoop.fs.CanSetReadaheadJVMInterface,/home/shuai/xlab/upgrade_testing/hadoop-transform/hadoop-common-project/hadoop-common/src/main/java/org/apache/hadoop/fs/CanSetReadahead.java,skippedNoConcreteClass,0,no matching concrete declaration
org.apache.hadoop.fs.SyncableJVMInterface,/home/shuai/xlab/upgrade_testing/hadoop-transform/hadoop-common-project/hadoop-common/src/main/java/org/apache/hadoop/fs/Syncable.java,skippedNoConcreteClass,0,no matching concrete declaration
org.apache.hadoop.fs.FSDataInputStreamJVMInterface,/home/shuai/xlab/upgrade_testing/hadoop-transform/hadoop-common-project/hadoop-common/src/main/java/org/apache/hadoop/fs/FSDataInputStream.java,implemented,0,
org.apache.hadoop.fs.FileStatusJVMInterface,/home/shuai/xlab/upgrade_testing/hadoop-transform/hadoop-common-project/hadoop-common/src/main/java/org/apache/hadoop/fs/FileStatus.java,implemented,0,
org.apache.hadoop.fs.HasFileDescriptorJVMInterface,/home/shuai/xlab/upgrade_testing/hadoop-transform/hadoop-common-project/hadoop-common/src/main/java/org/apache/hadoop/fs/HasFileDescriptor.java,skippedNoConcreteClass,0,no matching concrete declaration
org.apache.hadoop.fs.HasEnhancedByteBufferAccessJVMInterface,/home/shuai/xlab/upgrade_testing/hadoop-transform/hadoop-common-project/hadoop-common/src/main/java/org/apache/hadoop/fs/HasEnhancedByteBufferAccess.java,skippedNoConcreteClass,0,no matching concrete declaration
org.apache.hadoop.fs.FileSystemJVMInterface,/home/shuai/xlab/upgrade_testing/hadoop-transform/hadoop-common-project/hadoop-common/src/main/java/org/apache/hadoop/fs/FileSystem.java,implemented,0,
org.apache.hadoop.fs.CanSetDropBehindJVMInterface,/home/shuai/xlab/upgrade_testing/hadoop-transform/hadoop-common-project/hadoop-common/src/main/java/org/apache/hadoop/fs/CanSetDropBehind.java,skippedNoConcreteClass,0,no matching concrete declaration
org.apache.hadoop.fs.StorageStatisticsJVMInterface,/home/shuai/xlab/upgrade_testing/hadoop-transform/hadoop-common-project/hadoop-common/src/main/java/org/apache/hadoop/fs/StorageStatistics.java,implemented,0,
org.apache.hadoop.fs.ByteBufferPositionedReadableJVMInterface,/home/shuai/xlab/upgrade_testing/hadoop-transform/hadoop-common-project/hadoop-common/src/main/java/org/apache/hadoop/fs/ByteBufferPositionedReadable.java,skippedNoConcreteClass,0,no matching concrete declaration
org.apache.hadoop.fs.StreamCapabilitiesJVMInterface,/home/shuai/xlab/upgrade_testing/hadoop-transform/hadoop-common-project/hadoop-common/src/main/java/org/apache/hadoop/fs/StreamCapabilities.java,skippedNoConcreteClass,0,no matching concrete declaration
org.apache.hadoop.fs.PathJVMInterface,/home/shuai/xlab/upgrade_testing/hadoop-transform/hadoop-common-project/hadoop-common/src/main/java/org/apache/hadoop/fs/Path.java,implemented,0,
org.apache.hadoop.fs.FileChecksumJVMInterface,/home/shuai/xlab/upgrade_testing/hadoop-transform/hadoop-common-project/hadoop-common/src/main/java/org/apache/hadoop/fs/FileChecksum.java,implemented,0,
org.apache.hadoop.fs.BlockLocationJVMInterface,/home/shuai/xlab/upgrade_testing/hadoop-transform/hadoop-common-project/hadoop-common/src/main/java/org/apache/hadoop/fs/BlockLocation.java,implemented,0,
org.apache.hadoop.fs.FSDataOutputStreamJVMInterface,/home/shuai/xlab/upgrade_testing/hadoop-transform/hadoop-common-project/hadoop-common/src/main/java/org/apache/hadoop/fs/FSDataOutputStream.java,implemented,0,
org.apache.hadoop.fs.SeekableJVMInterface,/home/shuai/xlab/upgrade_testing/hadoop-transform/hadoop-common-project/hadoop-common/src/main/java/org/apache/hadoop/fs/Seekable.java,skippedNoConcreteClass,0,no matching concrete declaration
org.apache.hadoop.fs.permission.AclEntryJVMInterface,/home/shuai/xlab/upgrade_testing/hadoop-transform/hadoop-common-project/hadoop-common/src/main/java/org/apache/hadoop/fs/permission/AclEntry.java,implemented,0,
org.apache.hadoop.fs.permission.AclStatusJVMInterface,/home/shuai/xlab/upgrade_testing/hadoop-transform/hadoop-common-project/hadoop-common/src/main/java/org/apache/hadoop/fs/permission/AclStatus.java,implemented,0,
org.apache.hadoop.fs.permission.FsPermissionJVMInterface,/home/shuai/xlab/upgrade_testing/hadoop-transform/hadoop-common-project/hadoop-common/src/main/java/org/apache/hadoop/fs/permission/FsPermission.java,implemented,0,
org.apache.hadoop.conf.ConfigurationJVMInterface,/home/shuai/xlab/upgrade_testing/hadoop-transform/hadoop-common-project/hadoop-common/src/main/java/org/apache/hadoop/conf/Configuration.java,implemented,0,
org.apache.hadoop.conf.ConfigurableJVMInterface,/home/shuai/xlab/upgrade_testing/hadoop-transform/hadoop-common-project/hadoop-common/src/main/java/org/apache/hadoop/conf/Configurable.java,skippedNoConcreteClass,0,no matching concrete declaration
org.apache.hadoop.conf.ConfiguredJVMInterface,/home/shuai/xlab/upgrade_testing/hadoop-transform/hadoop-common-project/hadoop-common/src/main/java/org/apache/hadoop/conf/Configured.java,implemented,0,
org.apache.hadoop.io.WritableJVMInterface,/home/shuai/xlab/upgrade_testing/hadoop-transform/hadoop-common-project/hadoop-common/src/main/java/org/apache/hadoop/io/Writable.java,skippedNoConcreteClass,0,no matching concrete declaration
org.apache.hadoop.io.BinaryComparableJVMInterface,/home/shuai/xlab/upgrade_testing/hadoop-transform/hadoop-common-project/hadoop-common/src/main/java/org/apache/hadoop/io/BinaryComparable.java,implemented,0,
org.apache.hadoop.io.TextJVMInterface,/home/shuai/xlab/upgrade_testing/hadoop-transform/hadoop-common-project/hadoop-common/src/main/java/org/apache/hadoop/io/Text.java,implemented,0,
org.apache.hadoop.io.WritableComparableJVMInterface,/home/shuai/xlab/upgrade_testing/hadoop-transform/hadoop-common-project/hadoop-common/src/main/java/org/apache/hadoop/io/WritableComparable.java,skippedNoConcreteClass,0,no matching concrete declaration
org.apache.hadoop.ipc.metrics.RpcMetricsJVMInterface,/home/shuai/xlab/upgrade_testing/hadoop-transform/hadoop-common-project/hadoop-common/src/main/java/org/apache/hadoop/ipc/metrics/RpcMetrics.java,implemented,0,
org.apache.hadoop.ipc.metrics.RpcDetailedMetricsJVMInterface,/home/shuai/xlab/upgrade_testing/hadoop-transform/hadoop-common-project/hadoop-common/src/main/java/org/apache/hadoop/ipc/metrics/RpcDetailedMetrics.java,implemented,0,
org.apache.hadoop.ipc.ServerJVMInterface,/home/shuai/xlab/upgrade_testing/hadoop-transform/hadoop-common-project/hadoop-common/src/main/java/org/apache/hadoop/ipc/Server.java,implemented,0,
org.apache.hadoop.metrics2.MetricsTagJVMInterface,/home/shuai/xlab/upgrade_testing/hadoop-transform/hadoop-common-project/hadoop-common/src/main/java/org/apache/hadoop/metrics2/MetricsTag.java,implemented,0,
org.apache.hadoop.metrics2.MetricsInfoJVMInterface,/home/shuai/xlab/upgrade_testing/hadoop-transform/hadoop-common-project/hadoop-common/src/main/java/org/apache/hadoop/metrics2/MetricsInfo.java,skippedNoConcreteClass,0,no matching concrete declaration
org.apache.hadoop.metrics2.AbstractMetricJVMInterface,/home/shuai/xlab/upgrade_testing/hadoop-transform/hadoop-common-project/hadoop-common/src/main/java/org/apache/hadoop/metrics2/AbstractMetric.java,implemented,0,
org.apache.hadoop.metrics2.MetricsRecordBuilderJVMInterface,/home/shuai/xlab/upgrade_testing/hadoop-transform/hadoop-common-project/hadoop-common/src/main/java/org/apache/hadoop/metrics2/MetricsRecordBuilder.java,implemented,0,
org.apache.hadoop.metrics2.lib.MutableStatJVMInterface,/home/shuai/xlab/upgrade_testing/hadoop-transform/hadoop-common-project/hadoop-common/src/main/java/org/apache/hadoop/metrics2/lib/MutableStat.java,implemented,0,
org.apache.hadoop.metrics2.lib.MutableMetricJVMInterface,/home/shuai/xlab/upgrade_testing/hadoop-transform/hadoop-common-project/hadoop-common/src/main/java/org/apache/hadoop/metrics2/lib/MutableMetric.java,implemented,0,
org.apache.hadoop.metrics2.lib.MutableRateJVMInterface,/home/shuai/xlab/upgrade_testing/hadoop-transform/hadoop-common-project/hadoop-common/src/main/java/org/apache/hadoop/metrics2/lib/MutableRate.java,implemented,0,
org.apache.hadoop.metrics2.util.SampleStatJVMInterface,/home/shuai/xlab/upgrade_testing/hadoop-transform/hadoop-common-project/hadoop-common/src/main/java/org/apache/hadoop/metrics2/util/SampleStat.java,implemented,0,
org.apache.hadoop.util.curator.ZKCuratorManagerJVMInterface,/home/shuai/xlab/upgrade_testing/hadoop-transform/hadoop-common-project/hadoop-common/src/main/java/org/apache/hadoop/util/curator/ZKCuratorManager.java,implemented,0,
org.apache.hadoop.util.MachineListJVMInterface,/home/shuai/xlab/upgrade_testing/hadoop-transform/hadoop-common-project/hadoop-common/src/main/java/org/apache/hadoop/util/MachineList.java,implemented,0,
