interfaceFqn	originalClassFile	outcome	bridgesAdded	reason
org.apache.hadoop.yarn.api.records.ApplicationIdJVMInterface	/Users/allenwang/xlab/hadoop-transform/hadoop-yarn-project/hadoop-yarn/hadoop-yarn-api/src/main/java/org/apache/hadoop/yarn/api/records/ApplicationId.java	implemented	0	
org.apache.hadoop.yarn.api.records.PreemptionMessageJVMInterface	/Users/allenwang/xlab/hadoop-transform/hadoop-yarn-project/hadoop-yarn/hadoop-yarn-api/src/main/java/org/apache/hadoop/yarn/api/records/PreemptionMessage.java	implemented	0	
org.apache.hadoop.yarn.api.records.ApplicationResourceUsageReportJVMInterface	/Users/allenwang/xlab/hadoop-transform/hadoop-yarn-project/hadoop-yarn/hadoop-yarn-api/src/main/java/org/apache/hadoop/yarn/api/records/ApplicationResourceUsageReport.java	implemented	0	
org.apache.hadoop.yarn.api.records.ResourceBlacklistRequestJVMInterface	/Users/allenwang/xlab/hadoop-transform/hadoop-yarn-project/hadoop-yarn/hadoop-yarn-api/src/main/java/org/apache/hadoop/yarn/api/records/ResourceBlacklistRequest.java	implemented	0	
org.apache.hadoop.yarn.api.records.NodeIdJVMInterface	/Users/allenwang/xlab/hadoop-transform/hadoop-yarn-project/hadoop-yarn/hadoop-yarn-api/src/main/java/org/apache/hadoop/yarn/api/records/NodeId.java	implemented	0	
org.apache.hadoop.yarn.api.records.ResourceUtilizationJVMInterface	/Users/allenwang/xlab/hadoop-transform/hadoop-yarn-project/hadoop-yarn/hadoop-yarn-api/src/main/java/org/apache/hadoop/yarn/api/records/ResourceUtilization.java	implemented	0	
org.apache.hadoop.yarn.api.records.QueueStatisticsJVMInterface	/Users/allenwang/xlab/hadoop-transform/hadoop-yarn-project/hadoop-yarn/hadoop-yarn-api/src/main/java/org/apache/hadoop/yarn/api/records/QueueStatistics.java	implemented	0	
org.apache.hadoop.yarn.api.records.CollectorInfoJVMInterface	/Users/allenwang/xlab/hadoop-transform/hadoop-yarn-project/hadoop-yarn/hadoop-yarn-api/src/main/java/org/apache/hadoop/yarn/api/records/CollectorInfo.java	implemented	0	
org.apache.hadoop.yarn.api.records.QueueInfoJVMInterface	/Users/allenwang/xlab/hadoop-transform/hadoop-yarn-project/hadoop-yarn/hadoop-yarn-api/src/main/java/org/apache/hadoop/yarn/api/records/QueueInfo.java	implemented	0	
org.apache.hadoop.yarn.api.records.YarnClusterMetricsJVMInterface	/Users/allenwang/xlab/hadoop-transform/hadoop-yarn-project/hadoop-yarn/hadoop-yarn-api/src/main/java/org/apache/hadoop/yarn/api/records/YarnClusterMetrics.java	implemented	0	
org.apache.hadoop.yarn.api.records.ApplicationSubmissionContextJVMInterface	/Users/allenwang/xlab/hadoop-transform/hadoop-yarn-project/hadoop-yarn/hadoop-yarn-api/src/main/java/org/apache/hadoop/yarn/api/records/ApplicationSubmissionContext.java	implemented	0	
org.apache.hadoop.yarn.api.records.ResourceRequestJVMInterface	/Users/allenwang/xlab/hadoop-transform/hadoop-yarn-project/hadoop-yarn/hadoop-yarn-api/src/main/java/org/apache/hadoop/yarn/api/records/ResourceRequest.java	implemented	0	
org.apache.hadoop.yarn.api.records.ApplicationReportJVMInterface	/Users/allenwang/xlab/hadoop-transform/hadoop-yarn-project/hadoop-yarn/hadoop-yarn-api/src/main/java/org/apache/hadoop/yarn/api/records/ApplicationReport.java	implemented	0	
org.apache.hadoop.yarn.api.records.ContainerLaunchContextJVMInterface	/Users/allenwang/xlab/hadoop-transform/hadoop-yarn-project/hadoop-yarn/hadoop-yarn-api/src/main/java/org/apache/hadoop/yarn/api/records/ContainerLaunchContext.java	implemented	0	
org.apache.hadoop.yarn.api.records.ContainerRetryContextJVMInterface	/Users/allenwang/xlab/hadoop-transform/hadoop-yarn-project/hadoop-yarn/hadoop-yarn-api/src/main/java/org/apache/hadoop/yarn/api/records/ContainerRetryContext.java	implemented	0	
org.apache.hadoop.yarn.api.records.ContainerIdJVMInterface	/Users/allenwang/xlab/hadoop-transform/hadoop-yarn-project/hadoop-yarn/hadoop-yarn-api/src/main/java/org/apache/hadoop/yarn/api/records/ContainerId.java	implemented	0	
org.apache.hadoop.yarn.api.records.ContainerReportJVMInterface	/Users/allenwang/xlab/hadoop-transform/hadoop-yarn-project/hadoop-yarn/hadoop-yarn-api/src/main/java/org/apache/hadoop/yarn/api/records/ContainerReport.java	implemented	0	
org.apache.hadoop.yarn.api.records.ResourceInformationJVMInterface	/Users/allenwang/xlab/hadoop-transform/hadoop-yarn-project/hadoop-yarn/hadoop-yarn-api/src/main/java/org/apache/hadoop/yarn/api/records/ResourceInformation.java	implemented	0	
org.apache.hadoop.yarn.api.records.ContainerJVMInterface	/Users/allenwang/xlab/hadoop-transform/hadoop-yarn-project/hadoop-yarn/hadoop-yarn-api/src/main/java/org/apache/hadoop/yarn/api/records/Container.java	implemented	0	
org.apache.hadoop.yarn.api.records.ReservationDefinitionJVMInterface	/Users/allenwang/xlab/hadoop-transform/hadoop-yarn-project/hadoop-yarn/hadoop-yarn-api/src/main/java/org/apache/hadoop/yarn/api/records/ReservationDefinition.java	implemented	0	
org.apache.hadoop.yarn.api.records.ApplicationAttemptReportJVMInterface	/Users/allenwang/xlab/hadoop-transform/hadoop-yarn-project/hadoop-yarn/hadoop-yarn-api/src/main/java/org/apache/hadoop/yarn/api/records/ApplicationAttemptReport.java	implemented	0	
org.apache.hadoop.yarn.api.records.ReservationIdJVMInterface	/Users/allenwang/xlab/hadoop-transform/hadoop-yarn-project/hadoop-yarn/hadoop-yarn-api/src/main/java/org/apache/hadoop/yarn/api/records/ReservationId.java	implemented	0	
org.apache.hadoop.yarn.api.records.LogAggregationContextJVMInterface	/Users/allenwang/xlab/hadoop-transform/hadoop-yarn-project/hadoop-yarn/hadoop-yarn-api/src/main/java/org/apache/hadoop/yarn/api/records/LogAggregationContext.java	implemented	0	
org.apache.hadoop.yarn.api.records.ApplicationAttemptIdJVMInterface	/Users/allenwang/xlab/hadoop-transform/hadoop-yarn-project/hadoop-yarn/hadoop-yarn-api/src/main/java/org/apache/hadoop/yarn/api/records/ApplicationAttemptId.java	implemented	0	
org.apache.hadoop.yarn.api.records.ReservationRequestsJVMInterface	/Users/allenwang/xlab/hadoop-transform/hadoop-yarn-project/hadoop-yarn/hadoop-yarn-api/src/main/java/org/apache/hadoop/yarn/api/records/ReservationRequests.java	implemented	0	
org.apache.hadoop.yarn.api.records.PreemptionContractJVMInterface	/Users/allenwang/xlab/hadoop-transform/hadoop-yarn-project/hadoop-yarn/hadoop-yarn-api/src/main/java/org/apache/hadoop/yarn/api/records/PreemptionContract.java	implemented	0	
org.apache.hadoop.yarn.api.records.TokenJVMInterface	/Users/allenwang/xlab/hadoop-transform/hadoop-yarn-project/hadoop-yarn/hadoop-yarn-api/src/main/java/org/apache/hadoop/yarn/api/records/Token.java	implemented	0	
org.apache.hadoop.yarn.api.records.NMTokenJVMInterface	/Users/allenwang/xlab/hadoop-transform/hadoop-yarn-project/hadoop-yarn/hadoop-yarn-api/src/main/java/org/apache/hadoop/yarn/api/records/NMToken.java	implemented	0	
org.apache.hadoop.yarn.api.records.ExecutionTypeRequestJVMInterface	/Users/allenwang/xlab/hadoop-transform/hadoop-yarn-project/hadoop-yarn/hadoop-yarn-api/src/main/java/org/apache/hadoop/yarn/api/records/ExecutionTypeRequest.java	implemented	0	
org.apache.hadoop.yarn.api.records.StrictPreemptionContractJVMInterface	/Users/allenwang/xlab/hadoop-transform/hadoop-yarn-project/hadoop-yarn/hadoop-yarn-api/src/main/java/org/apache/hadoop/yarn/api/records/StrictPreemptionContract.java	implemented	0	
org.apache.hadoop.yarn.api.records.PriorityJVMInterface	/Users/allenwang/xlab/hadoop-transform/hadoop-yarn-project/hadoop-yarn/hadoop-yarn-api/src/main/java/org/apache/hadoop/yarn/api/records/Priority.java	implemented	0	
org.apache.hadoop.yarn.api.records.ResourceJVMInterface	/Users/allenwang/xlab/hadoop-transform/hadoop-yarn-project/hadoop-yarn/hadoop-yarn-api/src/main/java/org/apache/hadoop/yarn/api/records/Resource.java	implemented	0	
org.apache.hadoop.yarn.api.ApplicationClientProtocolJVMInterface	/Users/allenwang/xlab/hadoop-transform/hadoop-yarn-project/hadoop-yarn/hadoop-yarn-api/src/main/java/org/apache/hadoop/yarn/api/ApplicationClientProtocol.java	skippedNoConcreteClass	0	no matching concrete declaration
org.apache.hadoop.yarn.api.ApplicationBaseProtocolJVMInterface	/Users/allenwang/xlab/hadoop-transform/hadoop-yarn-project/hadoop-yarn/hadoop-yarn-api/src/main/java/org/apache/hadoop/yarn/api/ApplicationBaseProtocol.java	skippedNoConcreteClass	0	no matching concrete declaration
org.apache.hadoop.yarn.api.ApplicationMasterProtocolJVMInterface	/Users/allenwang/xlab/hadoop-transform/hadoop-yarn-project/hadoop-yarn/hadoop-yarn-api/src/main/java/org/apache/hadoop/yarn/api/ApplicationMasterProtocol.java	skippedNoConcreteClass	0	no matching concrete declaration
org.apache.hadoop.yarn.api.protocolrecords.GetQueueInfoResponseJVMInterface	/Users/allenwang/xlab/hadoop-transform/hadoop-yarn-project/hadoop-yarn/hadoop-yarn-api/src/main/java/org/apache/hadoop/yarn/api/protocolrecords/GetQueueInfoResponse.java	implemented	0	
org.apache.hadoop.yarn.api.protocolrecords.GetContainerReportRequestJVMInterface	/Users/allenwang/xlab/hadoop-transform/hadoop-yarn-project/hadoop-yarn/hadoop-yarn-api/src/main/java/org/apache/hadoop/yarn/api/protocolrecords/GetContainerReportRequest.java	implemented	0	
org.apache.hadoop.yarn.api.protocolrecords.FinishApplicationMasterResponseJVMInterface	/Users/allenwang/xlab/hadoop-transform/hadoop-yarn-project/hadoop-yarn/hadoop-yarn-api/src/main/java/org/apache/hadoop/yarn/api/protocolrecords/FinishApplicationMasterResponse.java	implemented	0	
org.apache.hadoop.yarn.api.protocolrecords.GetResourceProfileResponseJVMInterface	/Users/allenwang/xlab/hadoop-transform/hadoop-yarn-project/hadoop-yarn/hadoop-yarn-api/src/main/java/org/apache/hadoop/yarn/api/protocolrecords/GetResourceProfileResponse.java	implemented	0	
org.apache.hadoop.yarn.api.protocolrecords.AllocateRequestJVMInterface	/Users/allenwang/xlab/hadoop-transform/hadoop-yarn-project/hadoop-yarn/hadoop-yarn-api/src/main/java/org/apache/hadoop/yarn/api/protocolrecords/AllocateRequest.java	implemented	0	
org.apache.hadoop.yarn.api.protocolrecords.GetApplicationAttemptReportResponseJVMInterface	/Users/allenwang/xlab/hadoop-transform/hadoop-yarn-project/hadoop-yarn/hadoop-yarn-api/src/main/java/org/apache/hadoop/yarn/api/protocolrecords/GetApplicationAttemptReportResponse.java	implemented	0	
org.apache.hadoop.yarn.api.protocolrecords.GetClusterNodesResponseJVMInterface	/Users/allenwang/xlab/hadoop-transform/hadoop-yarn-project/hadoop-yarn/hadoop-yarn-api/src/main/java/org/apache/hadoop/yarn/api/protocolrecords/GetClusterNodesResponse.java	implemented	0	
org.apache.hadoop.yarn.api.protocolrecords.CancelDelegationTokenRequestJVMInterface	/Users/allenwang/xlab/hadoop-transform/hadoop-yarn-project/hadoop-yarn/hadoop-yarn-api/src/main/java/org/apache/hadoop/yarn/api/protocolrecords/CancelDelegationTokenRequest.java	implemented	0	
org.apache.hadoop.yarn.api.protocolrecords.FailApplicationAttemptResponseJVMInterface	/Users/allenwang/xlab/hadoop-transform/hadoop-yarn-project/hadoop-yarn/hadoop-yarn-api/src/main/java/org/apache/hadoop/yarn/api/protocolrecords/FailApplicationAttemptResponse.java	implemented	0	
org.apache.hadoop.yarn.api.protocolrecords.RegisterApplicationMasterRequestJVMInterface	/Users/allenwang/xlab/hadoop-transform/hadoop-yarn-project/hadoop-yarn/hadoop-yarn-api/src/main/java/org/apache/hadoop/yarn/api/protocolrecords/RegisterApplicationMasterRequest.java	implemented	0	
org.apache.hadoop.yarn.api.protocolrecords.GetApplicationsResponseJVMInterface	/Users/allenwang/xlab/hadoop-transform/hadoop-yarn-project/hadoop-yarn/hadoop-yarn-api/src/main/java/org/apache/hadoop/yarn/api/protocolrecords/GetApplicationsResponse.java	implemented	0	
org.apache.hadoop.yarn.api.protocolrecords.GetNewApplicationResponseJVMInterface	/Users/allenwang/xlab/hadoop-transform/hadoop-yarn-project/hadoop-yarn/hadoop-yarn-api/src/main/java/org/apache/hadoop/yarn/api/protocolrecords/GetNewApplicationResponse.java	implemented	0	
org.apache.hadoop.yarn.api.protocolrecords.GetClusterNodeLabelsResponseJVMInterface	/Users/allenwang/xlab/hadoop-transform/hadoop-yarn-project/hadoop-yarn/hadoop-yarn-api/src/main/java/org/apache/hadoop/yarn/api/protocolrecords/GetClusterNodeLabelsResponse.java	implemented	0	
org.apache.hadoop.yarn.api.protocolrecords.GetClusterNodeLabelsRequestJVMInterface	/Users/allenwang/xlab/hadoop-transform/hadoop-yarn-project/hadoop-yarn/hadoop-yarn-api/src/main/java/org/apache/hadoop/yarn/api/protocolrecords/GetClusterNodeLabelsRequest.java	implemented	0	
org.apache.hadoop.yarn.api.protocolrecords.GetDelegationTokenResponseJVMInterface	/Users/allenwang/xlab/hadoop-transform/hadoop-yarn-project/hadoop-yarn/hadoop-yarn-api/src/main/java/org/apache/hadoop/yarn/api/protocolrecords/GetDelegationTokenResponse.java	implemented	0	
org.apache.hadoop.yarn.api.protocolrecords.GetNodesToAttributesRequestJVMInterface	/Users/allenwang/xlab/hadoop-transform/hadoop-yarn-project/hadoop-yarn/hadoop-yarn-api/src/main/java/org/apache/hadoop/yarn/api/protocolrecords/GetNodesToAttributesRequest.java	implemented	0	
org.apache.hadoop.yarn.api.protocolrecords.GetApplicationsRequestJVMInterface	/Users/allenwang/xlab/hadoop-transform/hadoop-yarn-project/hadoop-yarn/hadoop-yarn-api/src/main/java/org/apache/hadoop/yarn/api/protocolrecords/GetApplicationsRequest.java	implemented	0	
org.apache.hadoop.yarn.api.protocolrecords.GetNewReservationRequestJVMInterface	/Users/allenwang/xlab/hadoop-transform/hadoop-yarn-project/hadoop-yarn/hadoop-yarn-api/src/main/java/org/apache/hadoop/yarn/api/protocolrecords/GetNewReservationRequest.java	implemented	0	
org.apache.hadoop.yarn.api.protocolrecords.GetAllResourceTypeInfoRequestJVMInterface	/Users/allenwang/xlab/hadoop-transform/hadoop-yarn-project/hadoop-yarn/hadoop-yarn-api/src/main/java/org/apache/hadoop/yarn/api/protocolrecords/GetAllResourceTypeInfoRequest.java	implemented	0	
org.apache.hadoop.yarn.api.protocolrecords.GetNodesToAttributesResponseJVMInterface	/Users/allenwang/xlab/hadoop-transform/hadoop-yarn-project/hadoop-yarn/hadoop-yarn-api/src/main/java/org/apache/hadoop/yarn/api/protocolrecords/GetNodesToAttributesResponse.java	implemented	0	
org.apache.hadoop.yarn.api.protocolrecords.RenewDelegationTokenRequestJVMInterface	/Users/allenwang/xlab/hadoop-transform/hadoop-yarn-project/hadoop-yarn/hadoop-yarn-api/src/main/java/org/apache/hadoop/yarn/api/protocolrecords/RenewDelegationTokenRequest.java	implemented	0	
org.apache.hadoop.yarn.api.protocolrecords.KillApplicationResponseJVMInterface	/Users/allenwang/xlab/hadoop-transform/hadoop-yarn-project/hadoop-yarn/hadoop-yarn-api/src/main/java/org/apache/hadoop/yarn/api/protocolrecords/KillApplicationResponse.java	implemented	0	
org.apache.hadoop.yarn.api.protocolrecords.ReservationUpdateRequestJVMInterface	/Users/allenwang/xlab/hadoop-transform/hadoop-yarn-project/hadoop-yarn/hadoop-yarn-api/src/main/java/org/apache/hadoop/yarn/api/protocolrecords/ReservationUpdateRequest.java	implemented	0	
org.apache.hadoop.yarn.api.protocolrecords.SignalContainerRequestJVMInterface	/Users/allenwang/xlab/hadoop-transform/hadoop-yarn-project/hadoop-yarn/hadoop-yarn-api/src/main/java/org/apache/hadoop/yarn/api/protocolrecords/SignalContainerRequest.java	implemented	0	
org.apache.hadoop.yarn.api.protocolrecords.GetLabelsToNodesResponseJVMInterface	/Users/allenwang/xlab/hadoop-transform/hadoop-yarn-project/hadoop-yarn/hadoop-yarn-api/src/main/java/org/apache/hadoop/yarn/api/protocolrecords/GetLabelsToNodesResponse.java	implemented	0	
org.apache.hadoop.yarn.api.protocolrecords.GetLabelsToNodesRequestJVMInterface	/Users/allenwang/xlab/hadoop-transform/hadoop-yarn-project/hadoop-yarn/hadoop-yarn-api/src/main/java/org/apache/hadoop/yarn/api/protocolrecords/GetLabelsToNodesRequest.java	implemented	0	
org.apache.hadoop.yarn.api.protocolrecords.ReservationListRequestJVMInterface	/Users/allenwang/xlab/hadoop-transform/hadoop-yarn-project/hadoop-yarn/hadoop-yarn-api/src/main/java/org/apache/hadoop/yarn/api/protocolrecords/ReservationListRequest.java	implemented	0	
org.apache.hadoop.yarn.api.protocolrecords.RenewDelegationTokenResponseJVMInterface	/Users/allenwang/xlab/hadoop-transform/hadoop-yarn-project/hadoop-yarn/hadoop-yarn-api/src/main/java/org/apache/hadoop/yarn/api/protocolrecords/RenewDelegationTokenResponse.java	implemented	0	
org.apache.hadoop.yarn.api.protocolrecords.GetApplicationAttemptsRequestJVMInterface	/Users/allenwang/xlab/hadoop-transform/hadoop-yarn-project/hadoop-yarn/hadoop-yarn-api/src/main/java/org/apache/hadoop/yarn/api/protocolrecords/GetApplicationAttemptsRequest.java	implemented	0	
org.apache.hadoop.yarn.api.protocolrecords.GetAllResourceTypeInfoResponseJVMInterface	/Users/allenwang/xlab/hadoop-transform/hadoop-yarn-project/hadoop-yarn/hadoop-yarn-api/src/main/java/org/apache/hadoop/yarn/api/protocolrecords/GetAllResourceTypeInfoResponse.java	implemented	0	
org.apache.hadoop.yarn.api.protocolrecords.GetQueueUserAclsInfoRequestJVMInterface	/Users/allenwang/xlab/hadoop-transform/hadoop-yarn-project/hadoop-yarn/hadoop-yarn-api/src/main/java/org/apache/hadoop/yarn/api/protocolrecords/GetQueueUserAclsInfoRequest.java	implemented	0	
org.apache.hadoop.yarn.api.protocolrecords.SubmitApplicationResponseJVMInterface	/Users/allenwang/xlab/hadoop-transform/hadoop-yarn-project/hadoop-yarn/hadoop-yarn-api/src/main/java/org/apache/hadoop/yarn/api/protocolrecords/SubmitApplicationResponse.java	implemented	0	
org.apache.hadoop.yarn.api.protocolrecords.UpdateApplicationPriorityRequestJVMInterface	/Users/allenwang/xlab/hadoop-transform/hadoop-yarn-project/hadoop-yarn/hadoop-yarn-api/src/main/java/org/apache/hadoop/yarn/api/protocolrecords/UpdateApplicationPriorityRequest.java	implemented	0	
org.apache.hadoop.yarn.api.protocolrecords.GetClusterMetricsResponseJVMInterface	/Users/allenwang/xlab/hadoop-transform/hadoop-yarn-project/hadoop-yarn/hadoop-yarn-api/src/main/java/org/apache/hadoop/yarn/api/protocolrecords/GetClusterMetricsResponse.java	implemented	0	
org.apache.hadoop.yarn.api.protocolrecords.GetAllResourceProfilesResponseJVMInterface	/Users/allenwang/xlab/hadoop-transform/hadoop-yarn-project/hadoop-yarn/hadoop-yarn-api/src/main/java/org/apache/hadoop/yarn/api/protocolrecords/GetAllResourceProfilesResponse.java	implemented	0	
org.apache.hadoop.yarn.api.protocolrecords.GetQueueUserAclsInfoResponseJVMInterface	/Users/allenwang/xlab/hadoop-transform/hadoop-yarn-project/hadoop-yarn/hadoop-yarn-api/src/main/java/org/apache/hadoop/yarn/api/protocolrecords/GetQueueUserAclsInfoResponse.java	implemented	0	
org.apache.hadoop.yarn.api.protocolrecords.GetAttributesToNodesResponseJVMInterface	/Users/allenwang/xlab/hadoop-transform/hadoop-yarn-project/hadoop-yarn/hadoop-yarn-api/src/main/java/org/apache/hadoop/yarn/api/protocolrecords/GetAttributesToNodesResponse.java	implemented	0	
org.apache.hadoop.yarn.api.protocolrecords.GetContainerReportResponseJVMInterface	/Users/allenwang/xlab/hadoop-transform/hadoop-yarn-project/hadoop-yarn/hadoop-yarn-api/src/main/java/org/apache/hadoop/yarn/api/protocolrecords/GetContainerReportResponse.java	implemented	0	
org.apache.hadoop.yarn.api.protocolrecords.SignalContainerResponseJVMInterface	/Users/allenwang/xlab/hadoop-transform/hadoop-yarn-project/hadoop-yarn/hadoop-yarn-api/src/main/java/org/apache/hadoop/yarn/api/protocolrecords/SignalContainerResponse.java	implemented	0	
org.apache.hadoop.yarn.api.protocolrecords.FailApplicationAttemptRequestJVMInterface	/Users/allenwang/xlab/hadoop-transform/hadoop-yarn-project/hadoop-yarn/hadoop-yarn-api/src/main/java/org/apache/hadoop/yarn/api/protocolrecords/FailApplicationAttemptRequest.java	implemented	0	
org.apache.hadoop.yarn.api.protocolrecords.ReservationSubmissionRequestJVMInterface	/Users/allenwang/xlab/hadoop-transform/hadoop-yarn-project/hadoop-yarn/hadoop-yarn-api/src/main/java/org/apache/hadoop/yarn/api/protocolrecords/ReservationSubmissionRequest.java	implemented	0	
org.apache.hadoop.yarn.api.protocolrecords.ReservationListResponseJVMInterface	/Users/allenwang/xlab/hadoop-transform/hadoop-yarn-project/hadoop-yarn/hadoop-yarn-api/src/main/java/org/apache/hadoop/yarn/api/protocolrecords/ReservationListResponse.java	implemented	0	
org.apache.hadoop.yarn.api.protocolrecords.GetAttributesToNodesRequestJVMInterface	/Users/allenwang/xlab/hadoop-transform/hadoop-yarn-project/hadoop-yarn/hadoop-yarn-api/src/main/java/org/apache/hadoop/yarn/api/protocolrecords/GetAttributesToNodesRequest.java	implemented	0	
org.apache.hadoop.yarn.api.protocolrecords.GetNodesToLabelsRequestJVMInterface	/Users/allenwang/xlab/hadoop-transform/hadoop-yarn-project/hadoop-yarn/hadoop-yarn-api/src/main/java/org/apache/hadoop/yarn/api/protocolrecords/GetNodesToLabelsRequest.java	implemented	0	
org.apache.hadoop.yarn.api.protocolrecords.GetNewApplicationRequestJVMInterface	/Users/allenwang/xlab/hadoop-transform/hadoop-yarn-project/hadoop-yarn/hadoop-yarn-api/src/main/java/org/apache/hadoop/yarn/api/protocolrecords/GetNewApplicationRequest.java	implemented	0	
org.apache.hadoop.yarn.api.protocolrecords.GetAllResourceProfilesRequestJVMInterface	/Users/allenwang/xlab/hadoop-transform/hadoop-yarn-project/hadoop-yarn/hadoop-yarn-api/src/main/java/org/apache/hadoop/yarn/api/protocolrecords/GetAllResourceProfilesRequest.java	implemented	0	
org.apache.hadoop.yarn.api.protocolrecords.ReservationUpdateResponseJVMInterface	/Users/allenwang/xlab/hadoop-transform/hadoop-yarn-project/hadoop-yarn/hadoop-yarn-api/src/main/java/org/apache/hadoop/yarn/api/protocolrecords/ReservationUpdateResponse.java	implemented	0	
org.apache.hadoop.yarn.api.protocolrecords.GetClusterNodesRequestJVMInterface	/Users/allenwang/xlab/hadoop-transform/hadoop-yarn-project/hadoop-yarn/hadoop-yarn-api/src/main/java/org/apache/hadoop/yarn/api/protocolrecords/GetClusterNodesRequest.java	implemented	0	
org.apache.hadoop.yarn.api.protocolrecords.UpdateApplicationTimeoutsRequestJVMInterface	/Users/allenwang/xlab/hadoop-transform/hadoop-yarn-project/hadoop-yarn/hadoop-yarn-api/src/main/java/org/apache/hadoop/yarn/api/protocolrecords/UpdateApplicationTimeoutsRequest.java	implemented	0	
org.apache.hadoop.yarn.api.protocolrecords.GetDelegationTokenRequestJVMInterface	/Users/allenwang/xlab/hadoop-transform/hadoop-yarn-project/hadoop-yarn/hadoop-yarn-api/src/main/java/org/apache/hadoop/yarn/api/protocolrecords/GetDelegationTokenRequest.java	implemented	0	
org.apache.hadoop.yarn.api.protocolrecords.ReservationDeleteResponseJVMInterface	/Users/allenwang/xlab/hadoop-transform/hadoop-yarn-project/hadoop-yarn/hadoop-yarn-api/src/main/java/org/apache/hadoop/yarn/api/protocolrecords/ReservationDeleteResponse.java	implemented	0	
org.apache.hadoop.yarn.api.protocolrecords.GetContainersResponseJVMInterface	/Users/allenwang/xlab/hadoop-transform/hadoop-yarn-project/hadoop-yarn/hadoop-yarn-api/src/main/java/org/apache/hadoop/yarn/api/protocolrecords/GetContainersResponse.java	implemented	0	
org.apache.hadoop.yarn.api.protocolrecords.GetApplicationReportRequestJVMInterface	/Users/allenwang/xlab/hadoop-transform/hadoop-yarn-project/hadoop-yarn/hadoop-yarn-api/src/main/java/org/apache/hadoop/yarn/api/protocolrecords/GetApplicationReportRequest.java	implemented	0	
org.apache.hadoop.yarn.api.protocolrecords.CancelDelegationTokenResponseJVMInterface	/Users/allenwang/xlab/hadoop-transform/hadoop-yarn-project/hadoop-yarn/hadoop-yarn-api/src/main/java/org/apache/hadoop/yarn/api/protocolrecords/CancelDelegationTokenResponse.java	implemented	0	
org.apache.hadoop.yarn.api.protocolrecords.GetNodesToLabelsResponseJVMInterface	/Users/allenwang/xlab/hadoop-transform/hadoop-yarn-project/hadoop-yarn/hadoop-yarn-api/src/main/java/org/apache/hadoop/yarn/api/protocolrecords/GetNodesToLabelsResponse.java	implemented	0	
org.apache.hadoop.yarn.api.protocolrecords.AllocateResponseJVMInterface	/Users/allenwang/xlab/hadoop-transform/hadoop-yarn-project/hadoop-yarn/hadoop-yarn-api/src/main/java/org/apache/hadoop/yarn/api/protocolrecords/AllocateResponse.java	implemented	0	
org.apache.hadoop.yarn.api.protocolrecords.ReservationDeleteRequestJVMInterface	/Users/allenwang/xlab/hadoop-transform/hadoop-yarn-project/hadoop-yarn/hadoop-yarn-api/src/main/java/org/apache/hadoop/yarn/api/protocolrecords/ReservationDeleteRequest.java	implemented	0	
org.apache.hadoop.yarn.api.protocolrecords.SubmitApplicationRequestJVMInterface	/Users/allenwang/xlab/hadoop-transform/hadoop-yarn-project/hadoop-yarn/hadoop-yarn-api/src/main/java/org/apache/hadoop/yarn/api/protocolrecords/SubmitApplicationRequest.java	implemented	0	
org.apache.hadoop.yarn.api.protocolrecords.GetClusterNodeAttributesResponseJVMInterface	/Users/allenwang/xlab/hadoop-transform/hadoop-yarn-project/hadoop-yarn/hadoop-yarn-api/src/main/java/org/apache/hadoop/yarn/api/protocolrecords/GetClusterNodeAttributesResponse.java	implemented	0	
org.apache.hadoop.yarn.api.protocolrecords.FinishApplicationMasterRequestJVMInterface	/Users/allenwang/xlab/hadoop-transform/hadoop-yarn-project/hadoop-yarn/hadoop-yarn-api/src/main/java/org/apache/hadoop/yarn/api/protocolrecords/FinishApplicationMasterRequest.java	implemented	0	
org.apache.hadoop.yarn.api.protocolrecords.ReservationSubmissionResponseJVMInterface	/Users/allenwang/xlab/hadoop-transform/hadoop-yarn-project/hadoop-yarn/hadoop-yarn-api/src/main/java/org/apache/hadoop/yarn/api/protocolrecords/ReservationSubmissionResponse.java	implemented	0	
org.apache.hadoop.yarn.api.protocolrecords.GetNewReservationResponseJVMInterface	/Users/allenwang/xlab/hadoop-transform/hadoop-yarn-project/hadoop-yarn/hadoop-yarn-api/src/main/java/org/apache/hadoop/yarn/api/protocolrecords/GetNewReservationResponse.java	implemented	0	
org.apache.hadoop.yarn.api.protocolrecords.GetQueueInfoRequestJVMInterface	/Users/allenwang/xlab/hadoop-transform/hadoop-yarn-project/hadoop-yarn/hadoop-yarn-api/src/main/java/org/apache/hadoop/yarn/api/protocolrecords/GetQueueInfoRequest.java	implemented	0	
org.apache.hadoop.yarn.api.protocolrecords.MoveApplicationAcrossQueuesRequestJVMInterface	/Users/allenwang/xlab/hadoop-transform/hadoop-yarn-project/hadoop-yarn/hadoop-yarn-api/src/main/java/org/apache/hadoop/yarn/api/protocolrecords/MoveApplicationAcrossQueuesRequest.java	implemented	0	
org.apache.hadoop.yarn.api.protocolrecords.RegisterApplicationMasterResponseJVMInterface	/Users/allenwang/xlab/hadoop-transform/hadoop-yarn-project/hadoop-yarn/hadoop-yarn-api/src/main/java/org/apache/hadoop/yarn/api/protocolrecords/RegisterApplicationMasterResponse.java	implemented	0	
org.apache.hadoop.yarn.api.protocolrecords.GetClusterMetricsRequestJVMInterface	/Users/allenwang/xlab/hadoop-transform/hadoop-yarn-project/hadoop-yarn/hadoop-yarn-api/src/main/java/org/apache/hadoop/yarn/api/protocolrecords/GetClusterMetricsRequest.java	implemented	0	
org.apache.hadoop.yarn.api.protocolrecords.UpdateApplicationPriorityResponseJVMInterface	/Users/allenwang/xlab/hadoop-transform/hadoop-yarn-project/hadoop-yarn/hadoop-yarn-api/src/main/java/org/apache/hadoop/yarn/api/protocolrecords/UpdateApplicationPriorityResponse.java	implemented	0	
org.apache.hadoop.yarn.api.protocolrecords.GetApplicationAttemptsResponseJVMInterface	/Users/allenwang/xlab/hadoop-transform/hadoop-yarn-project/hadoop-yarn/hadoop-yarn-api/src/main/java/org/apache/hadoop/yarn/api/protocolrecords/GetApplicationAttemptsResponse.java	implemented	0	
org.apache.hadoop.yarn.api.protocolrecords.MoveApplicationAcrossQueuesResponseJVMInterface	/Users/allenwang/xlab/hadoop-transform/hadoop-yarn-project/hadoop-yarn/hadoop-yarn-api/src/main/java/org/apache/hadoop/yarn/api/protocolrecords/MoveApplicationAcrossQueuesResponse.java	implemented	0	
org.apache.hadoop.yarn.api.protocolrecords.GetContainersRequestJVMInterface	/Users/allenwang/xlab/hadoop-transform/hadoop-yarn-project/hadoop-yarn/hadoop-yarn-api/src/main/java/org/apache/hadoop/yarn/api/protocolrecords/GetContainersRequest.java	implemented	0	
org.apache.hadoop.yarn.api.protocolrecords.GetApplicationAttemptReportRequestJVMInterface	/Users/allenwang/xlab/hadoop-transform/hadoop-yarn-project/hadoop-yarn/hadoop-yarn-api/src/main/java/org/apache/hadoop/yarn/api/protocolrecords/GetApplicationAttemptReportRequest.java	implemented	0	
org.apache.hadoop.yarn.api.protocolrecords.KillApplicationRequestJVMInterface	/Users/allenwang/xlab/hadoop-transform/hadoop-yarn-project/hadoop-yarn/hadoop-yarn-api/src/main/java/org/apache/hadoop/yarn/api/protocolrecords/KillApplicationRequest.java	implemented	0	
org.apache.hadoop.yarn.api.protocolrecords.GetClusterNodeAttributesRequestJVMInterface	/Users/allenwang/xlab/hadoop-transform/hadoop-yarn-project/hadoop-yarn/hadoop-yarn-api/src/main/java/org/apache/hadoop/yarn/api/protocolrecords/GetClusterNodeAttributesRequest.java	implemented	0	
org.apache.hadoop.yarn.api.protocolrecords.GetResourceProfileRequestJVMInterface	/Users/allenwang/xlab/hadoop-transform/hadoop-yarn-project/hadoop-yarn/hadoop-yarn-api/src/main/java/org/apache/hadoop/yarn/api/protocolrecords/GetResourceProfileRequest.java	implemented	0	
org.apache.hadoop.yarn.api.protocolrecords.GetApplicationReportResponseJVMInterface	/Users/allenwang/xlab/hadoop-transform/hadoop-yarn-project/hadoop-yarn/hadoop-yarn-api/src/main/java/org/apache/hadoop/yarn/api/protocolrecords/GetApplicationReportResponse.java	implemented	0	
org.apache.hadoop.yarn.api.protocolrecords.UpdateApplicationTimeoutsResponseJVMInterface	/Users/allenwang/xlab/hadoop-transform/hadoop-yarn-project/hadoop-yarn/hadoop-yarn-api/src/main/java/org/apache/hadoop/yarn/api/protocolrecords/UpdateApplicationTimeoutsResponse.java	implemented	0	
org.apache.hadoop.yarn.api.protocolrecords.StartContainerRequestJVMInterface	/Users/allenwang/xlab/hadoop-transform/hadoop-yarn-project/hadoop-yarn/hadoop-yarn-api/src/main/java/org/apache/hadoop/yarn/api/protocolrecords/StartContainerRequest.java	implemented	0	
org.apache.hadoop.yarn.server.resourcemanager.metrics.SystemMetricsPublisherJVMInterface	/Users/allenwang/xlab/hadoop-transform/hadoop-yarn-project/hadoop-yarn/hadoop-yarn-server/hadoop-yarn-server-resourcemanager/src/main/java/org/apache/hadoop/yarn/server/resourcemanager/metrics/SystemMetricsPublisher.java	forcedImplementation	0	manual interface forced
org.apache.hadoop.yarn.server.resourcemanager.rmnode.RMNodeEventJVMInterface	/Users/allenwang/xlab/hadoop-transform/hadoop-yarn-project/hadoop-yarn/hadoop-yarn-server/hadoop-yarn-server-resourcemanager/src/main/java/org/apache/hadoop/yarn/server/resourcemanager/rmnode/RMNodeEvent.java	implemented	0	
org.apache.hadoop.yarn.server.resourcemanager.ResourceManagerJVMInterface	/Users/allenwang/xlab/hadoop-transform/hadoop-yarn-project/hadoop-yarn/hadoop-yarn-server/hadoop-yarn-server-resourcemanager/src/main/java/org/apache/hadoop/yarn/server/resourcemanager/ResourceManager.java	implemented	0	
org.apache.hadoop.yarn.server.resourcemanager.SchedulerEventDispatcherJVMInterface	not-found	noClassFound	0	class file not found
org.apache.hadoop.yarn.server.resourcemanager.security.QueueACLsManagerJVMInterface	/Users/allenwang/xlab/hadoop-transform/hadoop-yarn-project/hadoop-yarn/hadoop-yarn-server/hadoop-yarn-server-resourcemanager/src/main/java/org/apache/hadoop/yarn/server/resourcemanager/security/QueueACLsManager.java	implemented	0	
org.apache.hadoop.yarn.server.resourcemanager.rmapp.RMAppEventJVMInterface	/Users/allenwang/xlab/hadoop-transform/hadoop-yarn-project/hadoop-yarn/hadoop-yarn-server/hadoop-yarn-server-resourcemanager/src/main/java/org/apache/hadoop/yarn/server/resourcemanager/rmapp/RMAppEvent.java	implemented	0	
org.apache.hadoop.yarn.server.resourcemanager.rmapp.attempt.RMAppAttemptEventJVMInterface	/Users/allenwang/xlab/hadoop-transform/hadoop-yarn-project/hadoop-yarn/hadoop-yarn-server/hadoop-yarn-server-resourcemanager/src/main/java/org/apache/hadoop/yarn/server/resourcemanager/rmapp/attempt/RMAppAttemptEvent.java	implemented	0	
org.apache.hadoop.yarn.server.resourcemanager.RMFatalEventJVMInterface	/Users/allenwang/xlab/hadoop-transform/hadoop-yarn-project/hadoop-yarn/hadoop-yarn-server/hadoop-yarn-server-resourcemanager/src/main/java/org/apache/hadoop/yarn/server/resourcemanager/RMFatalEvent.java	implemented	0	
org.apache.hadoop.yarn.server.resourcemanager.recovery.RecoverableJVMInterface	/Users/allenwang/xlab/hadoop-transform/hadoop-yarn-project/hadoop-yarn/hadoop-yarn-server/hadoop-yarn-server-resourcemanager/src/main/java/org/apache/hadoop/yarn/server/resourcemanager/recovery/Recoverable.java	skippedNoConcreteClass	0	no matching concrete declaration
org.apache.hadoop.yarn.server.resourcemanager.ApplicationEventDispatcherJVMInterface	not-found	noClassFound	0	class file not found
org.apache.hadoop.yarn.server.resourcemanager.RMFatalEventDispatcherJVMInterface	not-found	noClassFound	0	class file not found
org.apache.hadoop.yarn.server.resourcemanager.ApplicationAttemptEventDispatcherJVMInterface	not-found	noClassFound	0	class file not found
org.apache.hadoop.yarn.server.resourcemanager.ClientRMServiceJVMInterface	/Users/allenwang/xlab/hadoop-transform/hadoop-yarn-project/hadoop-yarn/hadoop-yarn-server/hadoop-yarn-server-resourcemanager/src/main/java/org/apache/hadoop/yarn/server/resourcemanager/ClientRMService.java	implemented	0	
org.apache.hadoop.yarn.server.resourcemanager.ApplicationMasterServiceJVMInterface	/Users/allenwang/xlab/hadoop-transform/hadoop-yarn-project/hadoop-yarn/hadoop-yarn-server/hadoop-yarn-server-resourcemanager/src/main/java/org/apache/hadoop/yarn/server/resourcemanager/ApplicationMasterService.java	implemented	0	
org.apache.hadoop.yarn.server.resourcemanager.StandByTransitionRunnableJVMInterface	not-found	noClassFound	0	class file not found
org.apache.hadoop.yarn.server.resourcemanager.EventProcessorMonitorJVMInterface	not-found	noClassFound	0	class file not found
org.apache.hadoop.yarn.server.resourcemanager.ResourceManagerMXBeanJVMInterface	/Users/allenwang/xlab/hadoop-transform/hadoop-yarn-project/hadoop-yarn/hadoop-yarn-server/hadoop-yarn-server-resourcemanager/src/main/java/org/apache/hadoop/yarn/server/resourcemanager/ResourceManagerMXBean.java	skippedNoConcreteClass	0	no matching concrete declaration
org.apache.hadoop.yarn.server.resourcemanager.federation.FederationStateStoreServiceJVMInterface	/Users/allenwang/xlab/hadoop-transform/hadoop-yarn-project/hadoop-yarn/hadoop-yarn-server/hadoop-yarn-server-resourcemanager/src/main/java/org/apache/hadoop/yarn/server/resourcemanager/federation/FederationStateStoreService.java	implemented	0	
org.apache.hadoop.yarn.server.resourcemanager.federation.FederationStateStoreHeartbeatJVMInterface	/Users/allenwang/xlab/hadoop-transform/hadoop-yarn-project/hadoop-yarn/hadoop-yarn-server/hadoop-yarn-server-resourcemanager/src/main/java/org/apache/hadoop/yarn/server/resourcemanager/federation/FederationStateStoreHeartbeat.java	implemented	0	
org.apache.hadoop.yarn.server.resourcemanager.AdminServiceJVMInterface	/Users/allenwang/xlab/hadoop-transform/hadoop-yarn-project/hadoop-yarn/hadoop-yarn-server/hadoop-yarn-server-resourcemanager/src/main/java/org/apache/hadoop/yarn/server/resourcemanager/AdminService.java	implemented	0	
org.apache.hadoop.yarn.server.resourcemanager.NodeEventDispatcherJVMInterface	not-found	noClassFound	0	class file not found
org.apache.hadoop.yarn.server.resourcemanager.ResourceTrackerServiceJVMInterface	/Users/allenwang/xlab/hadoop-transform/hadoop-yarn-project/hadoop-yarn/hadoop-yarn-server/hadoop-yarn-server-resourcemanager/src/main/java/org/apache/hadoop/yarn/server/resourcemanager/ResourceTrackerService.java	implemented	0	
org.apache.hadoop.yarn.server.resourcemanager.RMActiveServicesJVMInterface	not-found	noClassFound	0	class file not found
org.apache.hadoop.yarn.server.resourcemanager.resource.ResourceProfilesManagerJVMInterface	/Users/allenwang/xlab/hadoop-transform/hadoop-yarn-project/hadoop-yarn/hadoop-yarn-server/hadoop-yarn-server-resourcemanager/src/main/java/org/apache/hadoop/yarn/server/resourcemanager/resource/ResourceProfilesManager.java	forcedImplementation	0	manual interface forced
org.apache.hadoop.yarn.server.resourcemanager.resource.DynamicResourceConfigurationJVMInterface	/Users/allenwang/xlab/hadoop-transform/hadoop-yarn-project/hadoop-yarn/hadoop-yarn-server/hadoop-yarn-server-resourcemanager/src/main/java/org/apache/hadoop/yarn/server/resourcemanager/resource/DynamicResourceConfiguration.java	implemented	0	
org.apache.hadoop.yarn.server.resourcemanager.RMContextJVMInterface	/Users/allenwang/xlab/hadoop-transform/hadoop-yarn-project/hadoop-yarn/hadoop-yarn-server/hadoop-yarn-server-resourcemanager/src/main/java/org/apache/hadoop/yarn/server/resourcemanager/RMContext.java	forcedImplementation	0	manual interface forced
org.apache.hadoop.yarn.server.resourcemanager.EmbeddedElectorJVMInterface	/Users/allenwang/xlab/hadoop-transform/hadoop-yarn-project/hadoop-yarn/hadoop-yarn-server/hadoop-yarn-server-resourcemanager/src/main/java/org/apache/hadoop/yarn/server/resourcemanager/EmbeddedElector.java	forcedImplementation	0	manual interface forced
org.apache.hadoop.yarn.server.metrics.OpportunisticSchedulerMetricsJVMInterface	/Users/allenwang/xlab/hadoop-transform/hadoop-yarn-project/hadoop-yarn/hadoop-yarn-server/hadoop-yarn-server-common/src/main/java/org/apache/hadoop/yarn/server/metrics/OpportunisticSchedulerMetrics.java	implemented	0	
org.apache.hadoop.yarn.server.records.VersionJVMInterface	/Users/allenwang/xlab/hadoop-transform/hadoop-yarn-project/hadoop-yarn/hadoop-yarn-server/hadoop-yarn-server-common/src/main/java/org/apache/hadoop/yarn/server/records/Version.java	implemented	0	
org.apache.hadoop.yarn.server.security.BaseContainerTokenSecretManagerJVMInterface	/Users/allenwang/xlab/hadoop-transform/hadoop-yarn-project/hadoop-yarn/hadoop-yarn-server/hadoop-yarn-server-common/src/main/java/org/apache/hadoop/yarn/server/security/BaseContainerTokenSecretManager.java	implemented	0	
org.apache.hadoop.yarn.server.security.BaseNMTokenSecretManagerJVMInterface	/Users/allenwang/xlab/hadoop-transform/hadoop-yarn-project/hadoop-yarn/hadoop-yarn-server/hadoop-yarn-server-common/src/main/java/org/apache/hadoop/yarn/server/security/BaseNMTokenSecretManager.java	implemented	0	
org.apache.hadoop.yarn.server.scheduler.OpportunisticContainerAllocatorJVMInterface	/Users/allenwang/xlab/hadoop-transform/hadoop-yarn-project/hadoop-yarn/hadoop-yarn-server/hadoop-yarn-server-common/src/main/java/org/apache/hadoop/yarn/server/scheduler/OpportunisticContainerAllocator.java	implemented	0	
org.apache.hadoop.yarn.server.scheduler.OpportunisticContainerContextJVMInterface	/Users/allenwang/xlab/hadoop-transform/hadoop-yarn-project/hadoop-yarn/hadoop-yarn-server/hadoop-yarn-server-common/src/main/java/org/apache/hadoop/yarn/server/scheduler/OpportunisticContainerContext.java	implemented	0	
org.apache.hadoop.yarn.server.federation.store.FederationApplicationHomeSubClusterStoreJVMInterface	/Users/allenwang/xlab/hadoop-transform/hadoop-yarn-project/hadoop-yarn/hadoop-yarn-server/hadoop-yarn-server-common/src/main/java/org/apache/hadoop/yarn/server/federation/store/FederationApplicationHomeSubClusterStore.java	skippedNoConcreteClass	0	no matching concrete declaration
org.apache.hadoop.yarn.server.federation.store.records.GetSubClusterPoliciesConfigurationsResponseJVMInterface	/Users/allenwang/xlab/hadoop-transform/hadoop-yarn-project/hadoop-yarn/hadoop-yarn-server/hadoop-yarn-server-common/src/main/java/org/apache/hadoop/yarn/server/federation/store/records/GetSubClusterPoliciesConfigurationsResponse.java	implemented	0	
org.apache.hadoop.yarn.server.federation.store.records.AddApplicationHomeSubClusterResponseJVMInterface	/Users/allenwang/xlab/hadoop-transform/hadoop-yarn-project/hadoop-yarn/hadoop-yarn-server/hadoop-yarn-server-common/src/main/java/org/apache/hadoop/yarn/server/federation/store/records/AddApplicationHomeSubClusterResponse.java	implemented	0	
org.apache.hadoop.yarn.server.federation.store.records.UpdateApplicationHomeSubClusterRequestJVMInterface	/Users/allenwang/xlab/hadoop-transform/hadoop-yarn-project/hadoop-yarn/hadoop-yarn-server/hadoop-yarn-server-common/src/main/java/org/apache/hadoop/yarn/server/federation/store/records/UpdateApplicationHomeSubClusterRequest.java	implemented	0	
org.apache.hadoop.yarn.server.federation.store.records.GetApplicationHomeSubClusterRequestJVMInterface	/Users/allenwang/xlab/hadoop-transform/hadoop-yarn-project/hadoop-yarn/hadoop-yarn-server/hadoop-yarn-server-common/src/main/java/org/apache/hadoop/yarn/server/federation/store/records/GetApplicationHomeSubClusterRequest.java	implemented	0	
org.apache.hadoop.yarn.server.federation.store.records.DeleteApplicationHomeSubClusterRequestJVMInterface	/Users/allenwang/xlab/hadoop-transform/hadoop-yarn-project/hadoop-yarn/hadoop-yarn-server/hadoop-yarn-server-common/src/main/java/org/apache/hadoop/yarn/server/federation/store/records/DeleteApplicationHomeSubClusterRequest.java	implemented	0	
org.apache.hadoop.yarn.server.federation.store.records.GetSubClusterInfoResponseJVMInterface	/Users/allenwang/xlab/hadoop-transform/hadoop-yarn-project/hadoop-yarn/hadoop-yarn-server/hadoop-yarn-server-common/src/main/java/org/apache/hadoop/yarn/server/federation/store/records/GetSubClusterInfoResponse.java	implemented	0	
org.apache.hadoop.yarn.server.federation.store.records.GetApplicationsHomeSubClusterResponseJVMInterface	/Users/allenwang/xlab/hadoop-transform/hadoop-yarn-project/hadoop-yarn/hadoop-yarn-server/hadoop-yarn-server-common/src/main/java/org/apache/hadoop/yarn/server/federation/store/records/GetApplicationsHomeSubClusterResponse.java	implemented	0	
org.apache.hadoop.yarn.server.federation.store.records.GetSubClusterPolicyConfigurationRequestJVMInterface	/Users/allenwang/xlab/hadoop-transform/hadoop-yarn-project/hadoop-yarn/hadoop-yarn-server/hadoop-yarn-server-common/src/main/java/org/apache/hadoop/yarn/server/federation/store/records/GetSubClusterPolicyConfigurationRequest.java	implemented	0	
org.apache.hadoop.yarn.server.federation.store.records.GetSubClusterPolicyConfigurationResponseJVMInterface	/Users/allenwang/xlab/hadoop-transform/hadoop-yarn-project/hadoop-yarn/hadoop-yarn-server/hadoop-yarn-server-common/src/main/java/org/apache/hadoop/yarn/server/federation/store/records/GetSubClusterPolicyConfigurationResponse.java	implemented	0	
org.apache.hadoop.yarn.server.federation.store.records.AddApplicationHomeSubClusterRequestJVMInterface	/Users/allenwang/xlab/hadoop-transform/hadoop-yarn-project/hadoop-yarn/hadoop-yarn-server/hadoop-yarn-server-common/src/main/java/org/apache/hadoop/yarn/server/federation/store/records/AddApplicationHomeSubClusterRequest.java	implemented	0	
org.apache.hadoop.yarn.server.federation.store.records.GetSubClusterPoliciesConfigurationsRequestJVMInterface	/Users/allenwang/xlab/hadoop-transform/hadoop-yarn-project/hadoop-yarn/hadoop-yarn-server/hadoop-yarn-server-common/src/main/java/org/apache/hadoop/yarn/server/federation/store/records/GetSubClusterPoliciesConfigurationsRequest.java	implemented	0	
org.apache.hadoop.yarn.server.federation.store.records.SubClusterRegisterResponseJVMInterface	/Users/allenwang/xlab/hadoop-transform/hadoop-yarn-project/hadoop-yarn/hadoop-yarn-server/hadoop-yarn-server-common/src/main/java/org/apache/hadoop/yarn/server/federation/store/records/SubClusterRegisterResponse.java	implemented	0	
org.apache.hadoop.yarn.server.federation.store.records.SubClusterPolicyConfigurationJVMInterface	/Users/allenwang/xlab/hadoop-transform/hadoop-yarn-project/hadoop-yarn/hadoop-yarn-server/hadoop-yarn-server-common/src/main/java/org/apache/hadoop/yarn/server/federation/store/records/SubClusterPolicyConfiguration.java	implemented	0	
org.apache.hadoop.yarn.server.federation.store.records.SubClusterInfoJVMInterface	/Users/allenwang/xlab/hadoop-transform/hadoop-yarn-project/hadoop-yarn/hadoop-yarn-server/hadoop-yarn-server-common/src/main/java/org/apache/hadoop/yarn/server/federation/store/records/SubClusterInfo.java	implemented	0	
org.apache.hadoop.yarn.server.federation.store.records.DeleteApplicationHomeSubClusterResponseJVMInterface	/Users/allenwang/xlab/hadoop-transform/hadoop-yarn-project/hadoop-yarn/hadoop-yarn-server/hadoop-yarn-server-common/src/main/java/org/apache/hadoop/yarn/server/federation/store/records/DeleteApplicationHomeSubClusterResponse.java	implemented	0	
org.apache.hadoop.yarn.server.federation.store.records.UpdateApplicationHomeSubClusterResponseJVMInterface	/Users/allenwang/xlab/hadoop-transform/hadoop-yarn-project/hadoop-yarn/hadoop-yarn-server/hadoop-yarn-server-common/src/main/java/org/apache/hadoop/yarn/server/federation/store/records/UpdateApplicationHomeSubClusterResponse.java	implemented	0	
org.apache.hadoop.yarn.server.federation.store.records.GetApplicationHomeSubClusterResponseJVMInterface	/Users/allenwang/xlab/hadoop-transform/hadoop-yarn-project/hadoop-yarn/hadoop-yarn-server/hadoop-yarn-server-common/src/main/java/org/apache/hadoop/yarn/server/federation/store/records/GetApplicationHomeSubClusterResponse.java	implemented	0	
org.apache.hadoop.yarn.server.federation.store.records.SubClusterIdJVMInterface	/Users/allenwang/xlab/hadoop-transform/hadoop-yarn-project/hadoop-yarn/hadoop-yarn-server/hadoop-yarn-server-common/src/main/java/org/apache/hadoop/yarn/server/federation/store/records/SubClusterId.java	implemented	0	
org.apache.hadoop.yarn.server.federation.store.records.GetApplicationsHomeSubClusterRequestJVMInterface	/Users/allenwang/xlab/hadoop-transform/hadoop-yarn-project/hadoop-yarn/hadoop-yarn-server/hadoop-yarn-server-common/src/main/java/org/apache/hadoop/yarn/server/federation/store/records/GetApplicationsHomeSubClusterRequest.java	implemented	0	
org.apache.hadoop.yarn.server.federation.store.records.ApplicationHomeSubClusterJVMInterface	/Users/allenwang/xlab/hadoop-transform/hadoop-yarn-project/hadoop-yarn/hadoop-yarn-server/hadoop-yarn-server-common/src/main/java/org/apache/hadoop/yarn/server/federation/store/records/ApplicationHomeSubCluster.java	implemented	0	
org.apache.hadoop.yarn.server.federation.store.records.SubClusterHeartbeatRequestJVMInterface	/Users/allenwang/xlab/hadoop-transform/hadoop-yarn-project/hadoop-yarn/hadoop-yarn-server/hadoop-yarn-server-common/src/main/java/org/apache/hadoop/yarn/server/federation/store/records/SubClusterHeartbeatRequest.java	implemented	0	
org.apache.hadoop.yarn.server.federation.store.records.SetSubClusterPolicyConfigurationResponseJVMInterface	/Users/allenwang/xlab/hadoop-transform/hadoop-yarn-project/hadoop-yarn/hadoop-yarn-server/hadoop-yarn-server-common/src/main/java/org/apache/hadoop/yarn/server/federation/store/records/SetSubClusterPolicyConfigurationResponse.java	implemented	0	
org.apache.hadoop.yarn.server.federation.store.records.SubClusterDeregisterRequestJVMInterface	/Users/allenwang/xlab/hadoop-transform/hadoop-yarn-project/hadoop-yarn/hadoop-yarn-server/hadoop-yarn-server-common/src/main/java/org/apache/hadoop/yarn/server/federation/store/records/SubClusterDeregisterRequest.java	implemented	0	
org.apache.hadoop.yarn.server.federation.store.records.SetSubClusterPolicyConfigurationRequestJVMInterface	/Users/allenwang/xlab/hadoop-transform/hadoop-yarn-project/hadoop-yarn/hadoop-yarn-server/hadoop-yarn-server-common/src/main/java/org/apache/hadoop/yarn/server/federation/store/records/SetSubClusterPolicyConfigurationRequest.java	implemented	0	
org.apache.hadoop.yarn.server.federation.store.records.SubClusterHeartbeatResponseJVMInterface	/Users/allenwang/xlab/hadoop-transform/hadoop-yarn-project/hadoop-yarn/hadoop-yarn-server/hadoop-yarn-server-common/src/main/java/org/apache/hadoop/yarn/server/federation/store/records/SubClusterHeartbeatResponse.java	implemented	0	
org.apache.hadoop.yarn.server.federation.store.records.SubClusterDeregisterResponseJVMInterface	/Users/allenwang/xlab/hadoop-transform/hadoop-yarn-project/hadoop-yarn/hadoop-yarn-server/hadoop-yarn-server-common/src/main/java/org/apache/hadoop/yarn/server/federation/store/records/SubClusterDeregisterResponse.java	implemented	0	
org.apache.hadoop.yarn.server.federation.store.records.GetSubClustersInfoResponseJVMInterface	/Users/allenwang/xlab/hadoop-transform/hadoop-yarn-project/hadoop-yarn/hadoop-yarn-server/hadoop-yarn-server-common/src/main/java/org/apache/hadoop/yarn/server/federation/store/records/GetSubClustersInfoResponse.java	implemented	0	
org.apache.hadoop.yarn.server.federation.store.records.GetSubClusterInfoRequestJVMInterface	/Users/allenwang/xlab/hadoop-transform/hadoop-yarn-project/hadoop-yarn/hadoop-yarn-server/hadoop-yarn-server-common/src/main/java/org/apache/hadoop/yarn/server/federation/store/records/GetSubClusterInfoRequest.java	implemented	0	
org.apache.hadoop.yarn.server.federation.store.records.SubClusterRegisterRequestJVMInterface	/Users/allenwang/xlab/hadoop-transform/hadoop-yarn-project/hadoop-yarn/hadoop-yarn-server/hadoop-yarn-server-common/src/main/java/org/apache/hadoop/yarn/server/federation/store/records/SubClusterRegisterRequest.java	implemented	0	
org.apache.hadoop.yarn.server.federation.store.records.GetSubClustersInfoRequestJVMInterface	/Users/allenwang/xlab/hadoop-transform/hadoop-yarn-project/hadoop-yarn/hadoop-yarn-server/hadoop-yarn-server-common/src/main/java/org/apache/hadoop/yarn/server/federation/store/records/GetSubClustersInfoRequest.java	implemented	0	
org.apache.hadoop.yarn.server.federation.store.FederationMembershipStateStoreJVMInterface	/Users/allenwang/xlab/hadoop-transform/hadoop-yarn-project/hadoop-yarn/hadoop-yarn-server/hadoop-yarn-server-common/src/main/java/org/apache/hadoop/yarn/server/federation/store/FederationMembershipStateStore.java	skippedNoConcreteClass	0	no matching concrete declaration
org.apache.hadoop.yarn.server.federation.store.FederationPolicyStoreJVMInterface	/Users/allenwang/xlab/hadoop-transform/hadoop-yarn-project/hadoop-yarn/hadoop-yarn-server/hadoop-yarn-server-common/src/main/java/org/apache/hadoop/yarn/server/federation/store/FederationPolicyStore.java	skippedNoConcreteClass	0	no matching concrete declaration
org.apache.hadoop.yarn.server.federation.store.FederationStateStoreJVMInterface	/Users/allenwang/xlab/hadoop-transform/hadoop-yarn-project/hadoop-yarn/hadoop-yarn-server/hadoop-yarn-server-common/src/main/java/org/apache/hadoop/yarn/server/federation/store/FederationStateStore.java	skippedNoConcreteClass	0	no matching concrete declaration
org.apache.hadoop.yarn.server.api.records.NodeHealthStatusJVMInterface	/Users/allenwang/xlab/hadoop-transform/hadoop-yarn-project/hadoop-yarn/hadoop-yarn-server/hadoop-yarn-server-common/src/main/java/org/apache/hadoop/yarn/server/api/records/NodeHealthStatus.java	implemented	0	
org.apache.hadoop.yarn.server.api.records.OpportunisticContainersStatusJVMInterface	/Users/allenwang/xlab/hadoop-transform/hadoop-yarn-project/hadoop-yarn/hadoop-yarn-server/hadoop-yarn-server-common/src/main/java/org/apache/hadoop/yarn/server/api/records/OpportunisticContainersStatus.java	implemented	0	
org.apache.hadoop.yarn.server.api.records.NodeStatusJVMInterface	/Users/allenwang/xlab/hadoop-transform/hadoop-yarn-project/hadoop-yarn/hadoop-yarn-server/hadoop-yarn-server-common/src/main/java/org/apache/hadoop/yarn/server/api/records/NodeStatus.java	implemented	0	
org.apache.hadoop.yarn.server.api.records.ContainerQueuingLimitJVMInterface	/Users/allenwang/xlab/hadoop-transform/hadoop-yarn-project/hadoop-yarn/hadoop-yarn-server/hadoop-yarn-server-common/src/main/java/org/apache/hadoop/yarn/server/api/records/ContainerQueuingLimit.java	implemented	0	
org.apache.hadoop.yarn.server.api.ResourceTrackerJVMInterface	/Users/allenwang/xlab/hadoop-transform/hadoop-yarn-project/hadoop-yarn/hadoop-yarn-server/hadoop-yarn-server-common/src/main/java/org/apache/hadoop/yarn/server/api/ResourceTracker.java	skippedNoConcreteClass	0	no matching concrete declaration
org.apache.hadoop.yarn.server.api.protocolrecords.UnRegisterNodeManagerResponseJVMInterface	/Users/allenwang/xlab/hadoop-transform/hadoop-yarn-project/hadoop-yarn/hadoop-yarn-server/hadoop-yarn-server-common/src/main/java/org/apache/hadoop/yarn/server/api/protocolrecords/UnRegisterNodeManagerResponse.java	implemented	0	
org.apache.hadoop.yarn.server.api.protocolrecords.RegisterNodeManagerResponseJVMInterface	/Users/allenwang/xlab/hadoop-transform/hadoop-yarn-project/hadoop-yarn/hadoop-yarn-server/hadoop-yarn-server-common/src/main/java/org/apache/hadoop/yarn/server/api/protocolrecords/RegisterNodeManagerResponse.java	implemented	0	
org.apache.hadoop.yarn.server.api.protocolrecords.UnRegisterNodeManagerRequestJVMInterface	/Users/allenwang/xlab/hadoop-transform/hadoop-yarn-project/hadoop-yarn/hadoop-yarn-server/hadoop-yarn-server-common/src/main/java/org/apache/hadoop/yarn/server/api/protocolrecords/UnRegisterNodeManagerRequest.java	implemented	0	
org.apache.hadoop.yarn.server.api.protocolrecords.NodeHeartbeatRequestJVMInterface	/Users/allenwang/xlab/hadoop-transform/hadoop-yarn-project/hadoop-yarn/hadoop-yarn-server/hadoop-yarn-server-common/src/main/java/org/apache/hadoop/yarn/server/api/protocolrecords/NodeHeartbeatRequest.java	implemented	0	
org.apache.hadoop.yarn.server.api.protocolrecords.RegisterNodeManagerRequestJVMInterface	/Users/allenwang/xlab/hadoop-transform/hadoop-yarn-project/hadoop-yarn/hadoop-yarn-server/hadoop-yarn-server-common/src/main/java/org/apache/hadoop/yarn/server/api/protocolrecords/RegisterNodeManagerRequest.java	implemented	0	
org.apache.hadoop.yarn.server.api.protocolrecords.NodeHeartbeatResponseJVMInterface	/Users/allenwang/xlab/hadoop-transform/hadoop-yarn-project/hadoop-yarn/hadoop-yarn-server/hadoop-yarn-server-common/src/main/java/org/apache/hadoop/yarn/server/api/protocolrecords/NodeHeartbeatResponse.java	implemented	0	
org.apache.hadoop.yarn.server.nodemanager.NodeManagerEventJVMInterface	/Users/allenwang/xlab/hadoop-transform/hadoop-yarn-project/hadoop-yarn/hadoop-yarn-server/hadoop-yarn-server-nodemanager/src/main/java/org/apache/hadoop/yarn/server/nodemanager/NodeManagerEvent.java	implemented	0	
org.apache.hadoop.yarn.server.nodemanager.metrics.NodeManagerMetricsJVMInterface	/Users/allenwang/xlab/hadoop-transform/hadoop-yarn-project/hadoop-yarn/hadoop-yarn-server/hadoop-yarn-server-nodemanager/src/main/java/org/apache/hadoop/yarn/server/nodemanager/metrics/NodeManagerMetrics.java	implemented	0	
org.apache.hadoop.yarn.server.nodemanager.LocalDirsHandlerServiceJVMInterface	/Users/allenwang/xlab/hadoop-transform/hadoop-yarn-project/hadoop-yarn/hadoop-yarn-server/hadoop-yarn-server-nodemanager/src/main/java/org/apache/hadoop/yarn/server/nodemanager/LocalDirsHandlerService.java	implemented	0	
org.apache.hadoop.yarn.server.nodemanager.security.NMTokenSecretManagerInNMJVMInterface	/Users/allenwang/xlab/hadoop-transform/hadoop-yarn-project/hadoop-yarn/hadoop-yarn-server/hadoop-yarn-server-nodemanager/src/main/java/org/apache/hadoop/yarn/server/nodemanager/security/NMTokenSecretManagerInNM.java	implemented	0	
org.apache.hadoop.yarn.server.nodemanager.security.NMContainerTokenSecretManagerJVMInterface	/Users/allenwang/xlab/hadoop-transform/hadoop-yarn-project/hadoop-yarn/hadoop-yarn-server/hadoop-yarn-server-nodemanager/src/main/java/org/apache/hadoop/yarn/server/nodemanager/security/NMContainerTokenSecretManager.java	implemented	0	
org.apache.hadoop.yarn.server.nodemanager.recovery.NMStateStoreServiceJVMInterface	/Users/allenwang/xlab/hadoop-transform/hadoop-yarn-project/hadoop-yarn/hadoop-yarn-server/hadoop-yarn-server-nodemanager/src/main/java/org/apache/hadoop/yarn/server/nodemanager/recovery/NMStateStoreService.java	implemented	0	
org.apache.hadoop.yarn.server.nodemanager.health.NodeHealthCheckerServiceJVMInterface	/Users/allenwang/xlab/hadoop-transform/hadoop-yarn-project/hadoop-yarn/hadoop-yarn-server/hadoop-yarn-server-nodemanager/src/main/java/org/apache/hadoop/yarn/server/nodemanager/health/NodeHealthCheckerService.java	implemented	0	
org.apache.hadoop.yarn.server.nodemanager.health.HealthReporterJVMInterface	/Users/allenwang/xlab/hadoop-transform/hadoop-yarn-project/hadoop-yarn/hadoop-yarn-server/hadoop-yarn-server-nodemanager/src/main/java/org/apache/hadoop/yarn/server/nodemanager/health/HealthReporter.java	skippedNoConcreteClass	0	no matching concrete declaration
org.apache.hadoop.yarn.server.nodemanager.NodeManagerMXBeanJVMInterface	/Users/allenwang/xlab/hadoop-transform/hadoop-yarn-project/hadoop-yarn/hadoop-yarn-server/hadoop-yarn-server-nodemanager/src/main/java/org/apache/hadoop/yarn/server/nodemanager/NodeManagerMXBean.java	skippedNoConcreteClass	0	no matching concrete declaration
org.apache.hadoop.yarn.server.nodemanager.webapp.WebServerJVMInterface	/Users/allenwang/xlab/hadoop-transform/hadoop-yarn-project/hadoop-yarn/hadoop-yarn-server/hadoop-yarn-server-nodemanager/src/main/java/org/apache/hadoop/yarn/server/nodemanager/webapp/WebServer.java	implemented	0	
org.apache.hadoop.yarn.server.nodemanager.timelineservice.NMTimelinePublisherJVMInterface	/Users/allenwang/xlab/hadoop-transform/hadoop-yarn-project/hadoop-yarn/hadoop-yarn-server/hadoop-yarn-server-nodemanager/src/main/java/org/apache/hadoop/yarn/server/nodemanager/timelineservice/NMTimelinePublisher.java	implemented	0	
org.apache.hadoop.yarn.server.nodemanager.DeletionServiceJVMInterface	/Users/allenwang/xlab/hadoop-transform/hadoop-yarn-project/hadoop-yarn/hadoop-yarn-server/hadoop-yarn-server-nodemanager/src/main/java/org/apache/hadoop/yarn/server/nodemanager/DeletionService.java	implemented	0	
org.apache.hadoop.yarn.server.nodemanager.logaggregation.tracker.NMLogAggregationStatusTrackerJVMInterface	/Users/allenwang/xlab/hadoop-transform/hadoop-yarn-project/hadoop-yarn/hadoop-yarn-server/hadoop-yarn-server-nodemanager/src/main/java/org/apache/hadoop/yarn/server/nodemanager/logaggregation/tracker/NMLogAggregationStatusTracker.java	implemented	0	
org.apache.hadoop.yarn.server.nodemanager.ContainerExecutorJVMInterface	/Users/allenwang/xlab/hadoop-transform/hadoop-yarn-project/hadoop-yarn/hadoop-yarn-server/hadoop-yarn-server-nodemanager/src/main/java/org/apache/hadoop/yarn/server/nodemanager/ContainerExecutor.java	implemented	0	
org.apache.hadoop.yarn.server.nodemanager.executor.ContainerReapContextJVMInterface	/Users/allenwang/xlab/hadoop-transform/hadoop-yarn-project/hadoop-yarn/hadoop-yarn-server/hadoop-yarn-server-nodemanager/src/main/java/org/apache/hadoop/yarn/server/nodemanager/executor/ContainerReapContext.java	implemented	0	
org.apache.hadoop.yarn.server.nodemanager.executor.ContainerExecContextJVMInterface	/Users/allenwang/xlab/hadoop-transform/hadoop-yarn-project/hadoop-yarn/hadoop-yarn-server/hadoop-yarn-server-nodemanager/src/main/java/org/apache/hadoop/yarn/server/nodemanager/executor/ContainerExecContext.java	implemented	0	
org.apache.hadoop.yarn.server.nodemanager.executor.ContainerPrepareContextJVMInterface	/Users/allenwang/xlab/hadoop-transform/hadoop-yarn-project/hadoop-yarn/hadoop-yarn-server/hadoop-yarn-server-nodemanager/src/main/java/org/apache/hadoop/yarn/server/nodemanager/executor/ContainerPrepareContext.java	implemented	0	
org.apache.hadoop.yarn.server.nodemanager.executor.LocalizerStartContextJVMInterface	/Users/allenwang/xlab/hadoop-transform/hadoop-yarn-project/hadoop-yarn/hadoop-yarn-server/hadoop-yarn-server-nodemanager/src/main/java/org/apache/hadoop/yarn/server/nodemanager/executor/LocalizerStartContext.java	implemented	0	
org.apache.hadoop.yarn.server.nodemanager.executor.ContainerReacquisitionContextJVMInterface	/Users/allenwang/xlab/hadoop-transform/hadoop-yarn-project/hadoop-yarn/hadoop-yarn-server/hadoop-yarn-server-nodemanager/src/main/java/org/apache/hadoop/yarn/server/nodemanager/executor/ContainerReacquisitionContext.java	implemented	0	
org.apache.hadoop.yarn.server.nodemanager.executor.ContainerStartContextJVMInterface	/Users/allenwang/xlab/hadoop-transform/hadoop-yarn-project/hadoop-yarn/hadoop-yarn-server/hadoop-yarn-server-nodemanager/src/main/java/org/apache/hadoop/yarn/server/nodemanager/executor/ContainerStartContext.java	implemented	0	
org.apache.hadoop.yarn.server.nodemanager.executor.DeletionAsUserContextJVMInterface	/Users/allenwang/xlab/hadoop-transform/hadoop-yarn-project/hadoop-yarn/hadoop-yarn-server/hadoop-yarn-server-nodemanager/src/main/java/org/apache/hadoop/yarn/server/nodemanager/executor/DeletionAsUserContext.java	implemented	0	
org.apache.hadoop.yarn.server.nodemanager.executor.ContainerSignalContextJVMInterface	/Users/allenwang/xlab/hadoop-transform/hadoop-yarn-project/hadoop-yarn/hadoop-yarn-server/hadoop-yarn-server-nodemanager/src/main/java/org/apache/hadoop/yarn/server/nodemanager/executor/ContainerSignalContext.java	implemented	0	
org.apache.hadoop.yarn.server.nodemanager.executor.ContainerLivenessContextJVMInterface	/Users/allenwang/xlab/hadoop-transform/hadoop-yarn-project/hadoop-yarn/hadoop-yarn-server/hadoop-yarn-server-nodemanager/src/main/java/org/apache/hadoop/yarn/server/nodemanager/executor/ContainerLivenessContext.java	implemented	0	
org.apache.hadoop.yarn.server.nodemanager.NodeManagerJVMInterface	/Users/allenwang/xlab/hadoop-transform/hadoop-yarn-project/hadoop-yarn/hadoop-yarn-server/hadoop-yarn-server-nodemanager/src/main/java/org/apache/hadoop/yarn/server/nodemanager/NodeManager.java	implemented	0	
org.apache.hadoop.yarn.server.nodemanager.ContextJVMInterface	/Users/allenwang/xlab/hadoop-transform/hadoop-yarn-project/hadoop-yarn/hadoop-yarn-server/hadoop-yarn-server-nodemanager/src/main/java/org/apache/hadoop/yarn/server/nodemanager/Context.java	skippedNoConcreteClass	0	no matching concrete declaration
org.apache.hadoop.yarn.server.nodemanager.containermanager.AuxServicesEventJVMInterface	/Users/allenwang/xlab/hadoop-transform/hadoop-yarn-project/hadoop-yarn/hadoop-yarn-server/hadoop-yarn-server-nodemanager/src/main/java/org/apache/hadoop/yarn/server/nodemanager/containermanager/AuxServicesEvent.java	implemented	0	
org.apache.hadoop.yarn.server.nodemanager.containermanager.records.AuxServiceRecordsJVMInterface	/Users/allenwang/xlab/hadoop-transform/hadoop-yarn-project/hadoop-yarn/hadoop-yarn-server/hadoop-yarn-server-nodemanager/src/main/java/org/apache/hadoop/yarn/server/nodemanager/containermanager/records/AuxServiceRecords.java	implemented	0	
org.apache.hadoop.yarn.server.nodemanager.containermanager.records.AuxServiceRecordJVMInterface	/Users/allenwang/xlab/hadoop-transform/hadoop-yarn-project/hadoop-yarn/hadoop-yarn-server/hadoop-yarn-server-nodemanager/src/main/java/org/apache/hadoop/yarn/server/nodemanager/containermanager/records/AuxServiceRecord.java	implemented	0	
org.apache.hadoop.yarn.server.nodemanager.containermanager.records.AuxServiceConfigurationJVMInterface	/Users/allenwang/xlab/hadoop-transform/hadoop-yarn-project/hadoop-yarn/hadoop-yarn-server/hadoop-yarn-server-nodemanager/src/main/java/org/apache/hadoop/yarn/server/nodemanager/containermanager/records/AuxServiceConfiguration.java	implemented	0	
org.apache.hadoop.yarn.server.nodemanager.containermanager.deletion.task.DeletionTaskJVMInterface	/Users/allenwang/xlab/hadoop-transform/hadoop-yarn-project/hadoop-yarn/hadoop-yarn-server/hadoop-yarn-server-nodemanager/src/main/java/org/apache/hadoop/yarn/server/nodemanager/containermanager/deletion/task/DeletionTask.java	implemented	0	
org.apache.hadoop.yarn.server.nodemanager.containermanager.resourceplugin.deviceframework.DeviceMappingManagerJVMInterface	/Users/allenwang/xlab/hadoop-transform/hadoop-yarn-project/hadoop-yarn/hadoop-yarn-server/hadoop-yarn-server-nodemanager/src/main/java/org/apache/hadoop/yarn/server/nodemanager/containermanager/resourceplugin/deviceframework/DeviceMappingManager.java	implemented	0	
org.apache.hadoop.yarn.server.nodemanager.containermanager.resourceplugin.ResourcePluginManagerJVMInterface	/Users/allenwang/xlab/hadoop-transform/hadoop-yarn-project/hadoop-yarn/hadoop-yarn-server/hadoop-yarn-server-nodemanager/src/main/java/org/apache/hadoop/yarn/server/nodemanager/containermanager/resourceplugin/ResourcePluginManager.java	implemented	0	
org.apache.hadoop.yarn.server.nodemanager.containermanager.container.ContainerEventJVMInterface	/Users/allenwang/xlab/hadoop-transform/hadoop-yarn-project/hadoop-yarn/hadoop-yarn-server/hadoop-yarn-server-nodemanager/src/main/java/org/apache/hadoop/yarn/server/nodemanager/containermanager/container/ContainerEvent.java	implemented	0	
org.apache.hadoop.yarn.server.nodemanager.containermanager.application.ApplicationEventJVMInterface	/Users/allenwang/xlab/hadoop-transform/hadoop-yarn-project/hadoop-yarn/hadoop-yarn-server/hadoop-yarn-server-nodemanager/src/main/java/org/apache/hadoop/yarn/server/nodemanager/containermanager/application/ApplicationEvent.java	implemented	0	
org.apache.hadoop.yarn.server.nodemanager.containermanager.localizer.event.LocalizationEventJVMInterface	/Users/allenwang/xlab/hadoop-transform/hadoop-yarn-project/hadoop-yarn/hadoop-yarn-server/hadoop-yarn-server-nodemanager/src/main/java/org/apache/hadoop/yarn/server/nodemanager/containermanager/localizer/event/LocalizationEvent.java	implemented	0	
org.apache.hadoop.yarn.server.nodemanager.containermanager.AuxServicesJVMInterface	/Users/allenwang/xlab/hadoop-transform/hadoop-yarn-project/hadoop-yarn/hadoop-yarn-server/hadoop-yarn-server-nodemanager/src/main/java/org/apache/hadoop/yarn/server/nodemanager/containermanager/AuxServices.java	implemented	0	
org.apache.hadoop.yarn.server.nodemanager.NMContextJVMInterface	not-found	noClassFound	0	class file not found
org.apache.hadoop.yarn.server.nodemanager.DefaultContainerStateListenerJVMInterface	not-found	noClassFound	0	class file not found
org.apache.hadoop.yarn.server.nodemanager.ContainerStateTransitionListenerJVMInterface	/Users/allenwang/xlab/hadoop-transform/hadoop-yarn-project/hadoop-yarn/hadoop-yarn-server/hadoop-yarn-server-nodemanager/src/main/java/org/apache/hadoop/yarn/server/nodemanager/ContainerStateTransitionListener.java	skippedNoConcreteClass	0	no matching concrete declaration
org.apache.hadoop.yarn.security.ContainerTokenIdentifierJVMInterface	/Users/allenwang/xlab/hadoop-transform/hadoop-yarn-project/hadoop-yarn/hadoop-yarn-common/src/main/java/org/apache/hadoop/yarn/security/ContainerTokenIdentifier.java	implemented	0	
org.apache.hadoop.yarn.security.NMTokenIdentifierJVMInterface	/Users/allenwang/xlab/hadoop-transform/hadoop-yarn-project/hadoop-yarn/hadoop-yarn-common/src/main/java/org/apache/hadoop/yarn/security/NMTokenIdentifier.java	implemented	0	
org.apache.hadoop.yarn.server.security.ApplicationACLsManagerJVMInterface	/Users/allenwang/xlab/hadoop-transform/hadoop-yarn-project/hadoop-yarn/hadoop-yarn-common/src/main/java/org/apache/hadoop/yarn/server/security/ApplicationACLsManager.java	implemented	0	
org.apache.hadoop.yarn.state.MultiStateTransitionListenerJVMInterface	/Users/allenwang/xlab/hadoop-transform/hadoop-yarn-project/hadoop-yarn/hadoop-yarn-common/src/main/java/org/apache/hadoop/yarn/state/MultiStateTransitionListener.java	implemented	0	
org.apache.hadoop.yarn.state.StateTransitionListenerJVMInterface	/Users/allenwang/xlab/hadoop-transform/hadoop-yarn-project/hadoop-yarn/hadoop-yarn-common/src/main/java/org/apache/hadoop/yarn/state/StateTransitionListener.java	skippedNoConcreteClass	0	no matching concrete declaration
org.apache.hadoop.yarn.event.EventDispatcherJVMInterface	/Users/allenwang/xlab/hadoop-transform/hadoop-yarn-project/hadoop-yarn/hadoop-yarn-common/src/main/java/org/apache/hadoop/yarn/event/EventDispatcher.java	implemented	0	
org.apache.hadoop.yarn.event.EventJVMInterface	/Users/allenwang/xlab/hadoop-transform/hadoop-yarn-project/hadoop-yarn/hadoop-yarn-common/src/main/java/org/apache/hadoop/yarn/event/Event.java	skippedNoConcreteClass	0	no matching concrete declaration
org.apache.hadoop.yarn.event.DispatcherJVMInterface	/Users/allenwang/xlab/hadoop-transform/hadoop-yarn-project/hadoop-yarn/hadoop-yarn-common/src/main/java/org/apache/hadoop/yarn/event/Dispatcher.java	forcedImplementation	0	manual interface forced
org.apache.hadoop.yarn.event.EventHandlerJVMInterface	/Users/allenwang/xlab/hadoop-transform/hadoop-yarn-project/hadoop-yarn/hadoop-yarn-common/src/main/java/org/apache/hadoop/yarn/event/EventHandler.java	skippedNoConcreteClass	0	no matching concrete declaration
org.apache.hadoop.yarn.event.AbstractEventJVMInterface	/Users/allenwang/xlab/hadoop-transform/hadoop-yarn-project/hadoop-yarn/hadoop-yarn-common/src/main/java/org/apache/hadoop/yarn/event/AbstractEvent.java	implemented	0	
org.apache.hadoop.metrics2.MetricsInfoJVMInterface	/Users/allenwang/xlab/hadoop-transform/hadoop-common-project/hadoop-common/src/main/java/org/apache/hadoop/metrics2/MetricsInfo.java	skippedNoConcreteClass	0	no matching concrete declaration
org.apache.hadoop.metrics2.util.SampleStatJVMInterface	/Users/allenwang/xlab/hadoop-transform/hadoop-common-project/hadoop-common/src/main/java/org/apache/hadoop/metrics2/util/SampleStat.java	implemented	0	
org.apache.hadoop.metrics2.source.JvmMetricsJVMInterface	/Users/allenwang/xlab/hadoop-transform/hadoop-common-project/hadoop-common/src/main/java/org/apache/hadoop/metrics2/source/JvmMetrics.java	implemented	0	
org.apache.hadoop.metrics2.MetricsTagJVMInterface	/Users/allenwang/xlab/hadoop-transform/hadoop-common-project/hadoop-common/src/main/java/org/apache/hadoop/metrics2/MetricsTag.java	implemented	0	
org.apache.hadoop.metrics2.MetricsRecordBuilderJVMInterface	/Users/allenwang/xlab/hadoop-transform/hadoop-common-project/hadoop-common/src/main/java/org/apache/hadoop/metrics2/MetricsRecordBuilder.java	implemented	0	
org.apache.hadoop.metrics2.lib.MutableStatJVMInterface	/Users/allenwang/xlab/hadoop-transform/hadoop-common-project/hadoop-common/src/main/java/org/apache/hadoop/metrics2/lib/MutableStat.java	implemented	0	
org.apache.hadoop.metrics2.lib.MutableRateJVMInterface	/Users/allenwang/xlab/hadoop-transform/hadoop-common-project/hadoop-common/src/main/java/org/apache/hadoop/metrics2/lib/MutableRate.java	implemented	0	
org.apache.hadoop.metrics2.lib.MutableMetricJVMInterface	/Users/allenwang/xlab/hadoop-transform/hadoop-common-project/hadoop-common/src/main/java/org/apache/hadoop/metrics2/lib/MutableMetric.java	implemented	0	
org.apache.hadoop.metrics2.MetricsSourceJVMInterface	/Users/allenwang/xlab/hadoop-transform/hadoop-common-project/hadoop-common/src/main/java/org/apache/hadoop/metrics2/MetricsSource.java	skippedNoConcreteClass	0	no matching concrete declaration
org.apache.hadoop.metrics2.AbstractMetricJVMInterface	/Users/allenwang/xlab/hadoop-transform/hadoop-common-project/hadoop-common/src/main/java/org/apache/hadoop/metrics2/AbstractMetric.java	implemented	0	
org.apache.hadoop.tracing.SpanContextJVMInterface	/Users/allenwang/xlab/hadoop-transform/hadoop-common-project/hadoop-common/src/main/java/org/apache/hadoop/tracing/SpanContext.java	implemented	0	
org.apache.hadoop.tracing.SpanJVMInterface	/Users/allenwang/xlab/hadoop-transform/hadoop-common-project/hadoop-common/src/main/java/org/apache/hadoop/tracing/Span.java	implemented	0	
org.apache.hadoop.tracing.TracerJVMInterface	/Users/allenwang/xlab/hadoop-transform/hadoop-common-project/hadoop-common/src/main/java/org/apache/hadoop/tracing/Tracer.java	implemented	0	
org.apache.hadoop.tracing.TraceScopeJVMInterface	/Users/allenwang/xlab/hadoop-transform/hadoop-common-project/hadoop-common/src/main/java/org/apache/hadoop/tracing/TraceScope.java	implemented	0	
org.apache.hadoop.util.GcTimeMonitorJVMInterface	/Users/allenwang/xlab/hadoop-transform/hadoop-common-project/hadoop-common/src/main/java/org/apache/hadoop/util/GcTimeMonitor.java	implemented	0	
org.apache.hadoop.util.JvmPauseMonitorJVMInterface	/Users/allenwang/xlab/hadoop-transform/hadoop-common-project/hadoop-common/src/main/java/org/apache/hadoop/util/JvmPauseMonitor.java	implemented	0	
org.apache.hadoop.util.curator.ZKCuratorManagerJVMInterface	/Users/allenwang/xlab/hadoop-transform/hadoop-common-project/hadoop-common/src/main/java/org/apache/hadoop/util/curator/ZKCuratorManager.java	implemented	0	
org.apache.hadoop.util.MachineListJVMInterface	/Users/allenwang/xlab/hadoop-transform/hadoop-common-project/hadoop-common/src/main/java/org/apache/hadoop/util/MachineList.java	implemented	0	
org.apache.hadoop.security.token.DelegationTokenIssuerJVMInterface	/Users/allenwang/xlab/hadoop-transform/hadoop-common-project/hadoop-common/src/main/java/org/apache/hadoop/security/token/DelegationTokenIssuer.java	skippedNoConcreteClass	0	no matching concrete declaration
org.apache.hadoop.security.token.TokenIdentifierJVMInterface	/Users/allenwang/xlab/hadoop-transform/hadoop-common-project/hadoop-common/src/main/java/org/apache/hadoop/security/token/TokenIdentifier.java	implemented	0	
org.apache.hadoop.security.token.SecretManagerJVMInterface	/Users/allenwang/xlab/hadoop-transform/hadoop-common-project/hadoop-common/src/main/java/org/apache/hadoop/security/token/SecretManager.java	implemented	0	
org.apache.hadoop.security.token.TokenJVMInterface	/Users/allenwang/xlab/hadoop-transform/hadoop-common-project/hadoop-common/src/main/java/org/apache/hadoop/security/token/Token.java	implemented	0	
org.apache.hadoop.security.UserGroupInformationJVMInterface	/Users/allenwang/xlab/hadoop-transform/hadoop-common-project/hadoop-common/src/main/java/org/apache/hadoop/security/UserGroupInformation.java	implemented	0	
org.apache.hadoop.security.authorize.ServiceJVMInterface	/Users/allenwang/xlab/hadoop-transform/hadoop-common-project/hadoop-common/src/main/java/org/apache/hadoop/security/authorize/Service.java	implemented	0	
org.apache.hadoop.security.authorize.ServiceAuthorizationManagerJVMInterface	/Users/allenwang/xlab/hadoop-transform/hadoop-common-project/hadoop-common/src/main/java/org/apache/hadoop/security/authorize/ServiceAuthorizationManager.java	implemented	0	
org.apache.hadoop.security.authorize.AccessControlListJVMInterface	/Users/allenwang/xlab/hadoop-transform/hadoop-common-project/hadoop-common/src/main/java/org/apache/hadoop/security/authorize/AccessControlList.java	implemented	0	
org.apache.hadoop.security.authorize.PolicyProviderJVMInterface	/Users/allenwang/xlab/hadoop-transform/hadoop-common-project/hadoop-common/src/main/java/org/apache/hadoop/security/authorize/PolicyProvider.java	implemented	0	
org.apache.hadoop.security.CredentialsJVMInterface	/Users/allenwang/xlab/hadoop-transform/hadoop-common-project/hadoop-common/src/main/java/org/apache/hadoop/security/Credentials.java	implemented	0	
org.apache.hadoop.io.WritableJVMInterface	/Users/allenwang/xlab/hadoop-transform/hadoop-common-project/hadoop-common/src/main/java/org/apache/hadoop/io/Writable.java	skippedNoConcreteClass	0	no matching concrete declaration
org.apache.hadoop.io.WritableComparableJVMInterface	/Users/allenwang/xlab/hadoop-transform/hadoop-common-project/hadoop-common/src/main/java/org/apache/hadoop/io/WritableComparable.java	skippedNoConcreteClass	0	no matching concrete declaration
org.apache.hadoop.io.BinaryComparableJVMInterface	/Users/allenwang/xlab/hadoop-transform/hadoop-common-project/hadoop-common/src/main/java/org/apache/hadoop/io/BinaryComparable.java	implemented	0	
org.apache.hadoop.io.TextJVMInterface	/Users/allenwang/xlab/hadoop-transform/hadoop-common-project/hadoop-common/src/main/java/org/apache/hadoop/io/Text.java	implemented	0	
org.apache.hadoop.ipc.metrics.RpcDetailedMetricsJVMInterface	/Users/allenwang/xlab/hadoop-transform/hadoop-common-project/hadoop-common/src/main/java/org/apache/hadoop/ipc/metrics/RpcDetailedMetrics.java	implemented	0	
org.apache.hadoop.ipc.metrics.RpcMetricsJVMInterface	/Users/allenwang/xlab/hadoop-transform/hadoop-common-project/hadoop-common/src/main/java/org/apache/hadoop/ipc/metrics/RpcMetrics.java	implemented	0	
org.apache.hadoop.ipc.ServerJVMInterface	/Users/allenwang/xlab/hadoop-transform/hadoop-common-project/hadoop-common/src/main/java/org/apache/hadoop/ipc/Server.java	implemented	0	
org.apache.hadoop.service.ServiceStateChangeListenerJVMInterface	/Users/allenwang/xlab/hadoop-transform/hadoop-common-project/hadoop-common/src/main/java/org/apache/hadoop/service/ServiceStateChangeListener.java	skippedNoConcreteClass	0	no matching concrete declaration
org.apache.hadoop.service.CompositeServiceJVMInterface	/Users/allenwang/xlab/hadoop-transform/hadoop-common-project/hadoop-common/src/main/java/org/apache/hadoop/service/CompositeService.java	implemented	0	
org.apache.hadoop.service.ServiceJVMInterface	/Users/allenwang/xlab/hadoop-transform/hadoop-common-project/hadoop-common/src/main/java/org/apache/hadoop/service/Service.java	skippedNoConcreteClass	0	no matching concrete declaration
org.apache.hadoop.service.AbstractServiceJVMInterface	/Users/allenwang/xlab/hadoop-transform/hadoop-common-project/hadoop-common/src/main/java/org/apache/hadoop/service/AbstractService.java	implemented	0	
org.apache.hadoop.fs.statistics.IOStatisticsSourceJVMInterface	/Users/allenwang/xlab/hadoop-transform/hadoop-common-project/hadoop-common/src/main/java/org/apache/hadoop/fs/statistics/IOStatisticsSource.java	skippedNoConcreteClass	0	no matching concrete declaration
org.apache.hadoop.fs.impl.AbstractFSBuilderImplJVMInterface	/Users/allenwang/xlab/hadoop-transform/hadoop-common-project/hadoop-common/src/main/java/org/apache/hadoop/fs/impl/AbstractFSBuilderImpl.java	implemented	0	
org.apache.hadoop.fs.FileSystemJVMInterface	/Users/allenwang/xlab/hadoop-transform/hadoop-common-project/hadoop-common/src/main/java/org/apache/hadoop/fs/FileSystem.java	implemented	0	
org.apache.hadoop.fs.ContentSummaryJVMInterface	/Users/allenwang/xlab/hadoop-transform/hadoop-common-project/hadoop-common/src/main/java/org/apache/hadoop/fs/ContentSummary.java	implemented	0	
org.apache.hadoop.fs.QuotaUsageJVMInterface	/Users/allenwang/xlab/hadoop-transform/hadoop-common-project/hadoop-common/src/main/java/org/apache/hadoop/fs/QuotaUsage.java	implemented	0	
org.apache.hadoop.fs.BlockLocationJVMInterface	/Users/allenwang/xlab/hadoop-transform/hadoop-common-project/hadoop-common/src/main/java/org/apache/hadoop/fs/BlockLocation.java	implemented	0	
org.apache.hadoop.fs.ByteBufferPositionedReadableJVMInterface	/Users/allenwang/xlab/hadoop-transform/hadoop-common-project/hadoop-common/src/main/java/org/apache/hadoop/fs/ByteBufferPositionedReadable.java	skippedNoConcreteClass	0	no matching concrete declaration
org.apache.hadoop.fs.StorageStatisticsJVMInterface	/Users/allenwang/xlab/hadoop-transform/hadoop-common-project/hadoop-common/src/main/java/org/apache/hadoop/fs/StorageStatistics.java	implemented	0	
org.apache.hadoop.fs.HasFileDescriptorJVMInterface	/Users/allenwang/xlab/hadoop-transform/hadoop-common-project/hadoop-common/src/main/java/org/apache/hadoop/fs/HasFileDescriptor.java	skippedNoConcreteClass	0	no matching concrete declaration
org.apache.hadoop.fs.SyncableJVMInterface	/Users/allenwang/xlab/hadoop-transform/hadoop-common-project/hadoop-common/src/main/java/org/apache/hadoop/fs/Syncable.java	skippedNoConcreteClass	0	no matching concrete declaration
org.apache.hadoop.fs.CanSetReadaheadJVMInterface	/Users/allenwang/xlab/hadoop-transform/hadoop-common-project/hadoop-common/src/main/java/org/apache/hadoop/fs/CanSetReadahead.java	skippedNoConcreteClass	0	no matching concrete declaration
org.apache.hadoop.fs.PathCapabilitiesJVMInterface	/Users/allenwang/xlab/hadoop-transform/hadoop-common-project/hadoop-common/src/main/java/org/apache/hadoop/fs/PathCapabilities.java	skippedNoConcreteClass	0	no matching concrete declaration
org.apache.hadoop.fs.PathJVMInterface	/Users/allenwang/xlab/hadoop-transform/hadoop-common-project/hadoop-common/src/main/java/org/apache/hadoop/fs/Path.java	implemented	0	
org.apache.hadoop.fs.FileStatusJVMInterface	/Users/allenwang/xlab/hadoop-transform/hadoop-common-project/hadoop-common/src/main/java/org/apache/hadoop/fs/FileStatus.java	implemented	0	
org.apache.hadoop.fs.AbortableJVMInterface	/Users/allenwang/xlab/hadoop-transform/hadoop-common-project/hadoop-common/src/main/java/org/apache/hadoop/fs/Abortable.java	skippedNoConcreteClass	0	no matching concrete declaration
org.apache.hadoop.fs.CanUnbufferJVMInterface	/Users/allenwang/xlab/hadoop-transform/hadoop-common-project/hadoop-common/src/main/java/org/apache/hadoop/fs/CanUnbuffer.java	skippedNoConcreteClass	0	no matching concrete declaration
org.apache.hadoop.fs.FSDataOutputStreamBuilderJVMInterface	/Users/allenwang/xlab/hadoop-transform/hadoop-common-project/hadoop-common/src/main/java/org/apache/hadoop/fs/FSDataOutputStreamBuilder.java	implemented	0	
org.apache.hadoop.fs.HasEnhancedByteBufferAccessJVMInterface	/Users/allenwang/xlab/hadoop-transform/hadoop-common-project/hadoop-common/src/main/java/org/apache/hadoop/fs/HasEnhancedByteBufferAccess.java	skippedNoConcreteClass	0	no matching concrete declaration
org.apache.hadoop.fs.FsStatusJVMInterface	/Users/allenwang/xlab/hadoop-transform/hadoop-common-project/hadoop-common/src/main/java/org/apache/hadoop/fs/FsStatus.java	implemented	0	
org.apache.hadoop.fs.CanSetDropBehindJVMInterface	/Users/allenwang/xlab/hadoop-transform/hadoop-common-project/hadoop-common/src/main/java/org/apache/hadoop/fs/CanSetDropBehind.java	skippedNoConcreteClass	0	no matching concrete declaration
org.apache.hadoop.fs.ByteBufferReadableJVMInterface	/Users/allenwang/xlab/hadoop-transform/hadoop-common-project/hadoop-common/src/main/java/org/apache/hadoop/fs/ByteBufferReadable.java	skippedNoConcreteClass	0	no matching concrete declaration
org.apache.hadoop.fs.FSDataInputStreamJVMInterface	/Users/allenwang/xlab/hadoop-transform/hadoop-common-project/hadoop-common/src/main/java/org/apache/hadoop/fs/FSDataInputStream.java	implemented	0	
org.apache.hadoop.fs.PositionedReadableJVMInterface	/Users/allenwang/xlab/hadoop-transform/hadoop-common-project/hadoop-common/src/main/java/org/apache/hadoop/fs/PositionedReadable.java	skippedNoConcreteClass	0	no matching concrete declaration
org.apache.hadoop.fs.SeekableJVMInterface	/Users/allenwang/xlab/hadoop-transform/hadoop-common-project/hadoop-common/src/main/java/org/apache/hadoop/fs/Seekable.java	skippedNoConcreteClass	0	no matching concrete declaration
org.apache.hadoop.fs.FSDataOutputStreamJVMInterface	/Users/allenwang/xlab/hadoop-transform/hadoop-common-project/hadoop-common/src/main/java/org/apache/hadoop/fs/FSDataOutputStream.java	implemented	0	
org.apache.hadoop.fs.permission.AclEntryJVMInterface	/Users/allenwang/xlab/hadoop-transform/hadoop-common-project/hadoop-common/src/main/java/org/apache/hadoop/fs/permission/AclEntry.java	implemented	0	
org.apache.hadoop.fs.permission.AclStatusJVMInterface	/Users/allenwang/xlab/hadoop-transform/hadoop-common-project/hadoop-common/src/main/java/org/apache/hadoop/fs/permission/AclStatus.java	implemented	0	
org.apache.hadoop.fs.permission.FsPermissionJVMInterface	/Users/allenwang/xlab/hadoop-transform/hadoop-common-project/hadoop-common/src/main/java/org/apache/hadoop/fs/permission/FsPermission.java	implemented	0	
org.apache.hadoop.fs.StreamCapabilitiesJVMInterface	/Users/allenwang/xlab/hadoop-transform/hadoop-common-project/hadoop-common/src/main/java/org/apache/hadoop/fs/StreamCapabilities.java	skippedNoConcreteClass	0	no matching concrete declaration
org.apache.hadoop.fs.FSBuilderJVMInterface	/Users/allenwang/xlab/hadoop-transform/hadoop-common-project/hadoop-common/src/main/java/org/apache/hadoop/fs/FSBuilder.java	skippedNoConcreteClass	0	no matching concrete declaration
org.apache.hadoop.fs.FsServerDefaultsJVMInterface	/Users/allenwang/xlab/hadoop-transform/hadoop-common-project/hadoop-common/src/main/java/org/apache/hadoop/fs/FsServerDefaults.java	implemented	0	
org.apache.hadoop.fs.FileChecksumJVMInterface	/Users/allenwang/xlab/hadoop-transform/hadoop-common-project/hadoop-common/src/main/java/org/apache/hadoop/fs/FileChecksum.java	implemented	0	
org.apache.hadoop.conf.ConfiguredJVMInterface	/Users/allenwang/xlab/hadoop-transform/hadoop-common-project/hadoop-common/src/main/java/org/apache/hadoop/conf/Configured.java	implemented	0	
org.apache.hadoop.conf.ConfigurationJVMInterface	/Users/allenwang/xlab/hadoop-transform/hadoop-common-project/hadoop-common/src/main/java/org/apache/hadoop/conf/Configuration.java	implemented	0	
org.apache.hadoop.conf.ConfigurableJVMInterface	/Users/allenwang/xlab/hadoop-transform/hadoop-common-project/hadoop-common/src/main/java/org/apache/hadoop/conf/Configurable.java	skippedNoConcreteClass	0	no matching concrete declaration
org.apache.hadoop.hdfs.protocol.datatransfer.IOStreamPairJVMInterface	/Users/allenwang/xlab/hadoop-transform/hadoop-hdfs-project/hadoop-hdfs-client/src/main/java/org/apache/hadoop/hdfs/protocol/datatransfer/IOStreamPair.java	implemented	0	
