Priority,Group_Type,Group_ID,Occurrences,Root_Cause_Summary,Likelihood_Category,Rationale,Recommended_Action
1,Error,17,4,NullPointerException in BlocksMap.numNodes(),ACTUAL_BUG,"NPE in BlocksMap when creating located blocks. This is a production code bug - blocks map doesn't properly handle blocks that may have been removed/invalidated during restart. Critical issue that could crash namenode.",Fix BlockManager.createLocatedBlock() to handle null blocks from BlocksMap after restart
2,Error,18,4,NullPointerException in BlocksMap.getStoredBlock(),ACTUAL_BUG,"NPE in BlocksMap when retrieving stored blocks. Similar to #17, indicates race condition where blocks are removed from map but still referenced. Could cause namenode crashes.",Add null-safety checks in BlockManager.getStoredBlock() and handle block removal races
3,Failure,3,4,AssertionError in BlockManager.findAndMarkBlockAsCorrupt(),ACTUAL_BUG,"Assertion failure in production code path (BlockManager). Assertions in production code indicate violated invariants, suggesting a real bug in block corruption handling after restart.",Investigate why block corruption marking logic fails after restart; likely related to block state recovery
4,Error,6,8,DSQuotaExceededException - quota increased 38x after restart,LIKELY_BUG,"Disk quota consumption exploded from 10MB to 384MB after restart. This indicates either: (1) quota accounting bug where blocks are double-counted, or (2) blocks not properly cleaned up. Significant resource leak.",Audit quota accounting in FSDirectory during restart/recovery - check for duplicate block accounting
5,Error,11,6,OutOfMemoryError: Java heap space,LIKELY_BUG,"OOM errors during restart tests suggest memory leak or improper resource cleanup. Could indicate blocks/inodes not being garbage collected properly after restart.",Profile heap usage during restart; check for retained references to old blocks/datanodes
6,Error,8,6,CannotObtainBlockLengthException for files with UnderConstruction blocks,LIKELY_BUG,"Cannot read block length for under-construction blocks after restart. Likely bug in lease recovery or block finalization logic - blocks remain in UC state when they should be finalized.",Review lease recovery logic and block finalization during restart
7,Error,9,6,CannotObtainBlockLengthException - dataprotocol.dat,LIKELY_BUG,"Same as #6 but for specific file. Pattern suggests blocks in under-construction state not properly recovered after restart.",Same as #6 - fix UC block recovery
8,Error,12,6,CannotObtainBlockLengthException - unfinished-block-buffer,LIKELY_BUG,"Same pattern - unfinished blocks not properly recovered. File name suggests intentional UC block, but should still be readable after restart.",Same as #6 - fix UC block recovery
9,Error,13,6,CannotObtainBlockLengthException - unfinished-block,LIKELY_BUG,"Same pattern as #6-8. Multiple files affected suggests systemic issue with UC block recovery.",Same as #6 - fix UC block recovery
10,Error,15,5,CannotObtainBlockLengthException - /foo,LIKELY_BUG,"Same pattern as #6-9. Widespread issue across different test files.",Same as #6 - fix UC block recovery
11,Error,19,4,SnapshotException: Nested snapshottable directories - TestSnapshot1,TEST_FRAMEWORK,"Nested snapshottable directories error suggests snapshot state not properly cleaned up/reset between restart. Test framework issue - either improper restart point or missing cleanup.",Add snapshot state cleanup in test framework; verify allowSnapshot called at right restart point
12,Error,20,4,SnapshotException: Nested snapshottable directories - dir_user2,TEST_FRAMEWORK,"Same as #19 - snapshot state corruption after restart. Test framework needs better state management.",Same as #19
13,Failure,5,2,Not all DataNodes registered after restart (expected 2 got 1),TEST_FRAMEWORK,"verifyClusterHealth() not waiting long enough for all datanodes to register after restart. Test framework timing issue, not a bug. The framework should poll longer.",Increase timeout/retry in RestartInjectionFramework.verifyClusterHealth()
14,Error,3,24,IllegalArgumentException: Namenode index is needed for HA,TEST_FRAMEWORK,"MiniDFSCluster API misuse in HA tests. Test framework calling single-NN methods on multi-NN cluster. Clear test code bug, not production bug.",Fix HA test framework to use correct MiniDFSCluster API for multi-namenode clusters
15,Error,4,16,Another DiskBalancer is running,TEST_FRAMEWORK,"DiskBalancer from before restart still running/registered when test tries to start new one. State not cleaned up properly during restart.",Add DiskBalancer cleanup in restart framework or add wait for previous balancer to finish
16,Failure,1,8,AssertionError with no detailed message,TEST_FRAMEWORK,"Generic assertion failures in TestFSInputChecker and TestSetRepIncreasing after restart. Stack trace too shallow to determine root cause. Likely test validation issue - checking state that's not yet ready after restart.",Examine test code to see what assertion is failing; likely checking state too soon after restart
17,Failure,2,8,AssertionError: expected 1 but was 0 in TestPendingReconstruction,TEST_FRAMEWORK,"Test expects 1 pending reconstruction but finds 0. Likely timing - reconstruction hasn't been scheduled yet after restart. Test validation timing issue.",Add wait/poll for pending reconstruction count instead of immediate assertion
18,Failure,4,4,AssertionError (assertFalse) in TestSnapshotPathINodes,TEST_FRAMEWORK,"assertFalse failing in snapshot tests. Likely related to #11-12 - snapshot state not as expected after restart.",Check test expectations vs actual snapshot state after restart; may need state adjustment
19,Error,16,4,TestTimedOutException: test timed out after 180s,TEST_FRAMEWORK,"Tests timing out after restart. Operations taking too long post-restart, likely due to slow cluster stabilization. Not a bug, just slow recovery.",Increase test timeout or optimize cluster stabilization
20,Error,1,190,Failed to replace bad datanode - no good datanodes available,TIMING_ISSUE,"By far the largest error group (43% of all errors). After restart, datanodes aren't immediately available so pipeline replacement fails. This is a timing issue - datanodes need time to re-register and heartbeat. Could also indicate improper restart point (mid-write).",Option 1: Add wait for datanode availability before continuing write operations. Option 2: Choose restart points that don't leave writes in-progress.
21,Error,2,94,All datanodes are bad - aborting,TIMING_ISSUE,"Similar to #20 - datanodes not ready after restart. DataStreamer can't establish pipeline because nodes are marked bad (not heartbeating yet).",Same as #20 - timing issue with datanode availability
22,Error,7,6,Failed to replace bad datanode (single datanode),TIMING_ISSUE,"Variant of #20 with single datanode. Same root cause.",Same as #20
23,Error,10,6,All datanodes are bad (SimulatedStorage),TIMING_ISSUE,"Same as #21 but with simulated storage. Same timing issue.",Same as #20-21
24,Error,14,6,Failed to replace bad datanode (ALWAYS policy),TIMING_ISSUE,"Variant of #20 with ALWAYS replacement policy. Same root cause but different policy setting.",Same as #20
25,Error,5,8,libhadoop cannot be loaded - UNIX domain socket,ENVIRONMENT,"Native library not available in test environment. Pure environment/build issue, not a bug. Short-circuit reads require native libs.",Install libhadoop.so or disable tests requiring native code
